final_rank,candidate_id,mean_score,assessment_score_raw,assessment_signal_scores,assessment_signal_sources,frozen_top100_rank,rank_change_vs_frozen_top100,summary_archetype,fine_static_atom,current_title,current_company,career_compounds,skill_names,integrity_risk_level,honeypot_proxy_rules
1,CAND_0088025,8.161486,0.36465,llm_finetuning:87.1;vector_hybrid_infrastructure:93.6,llm_finetuning:QLoRA;vector_hybrid_infrastructure:Pinecone,1,0,senior_explicit_ai,fine_atom_01,Staff Machine Learning Engineer,Yellow.ai,end_to_end_intelligence_ownership;evaluated_ranking_system;production_embeddings_retrieval;production_vector_or_hybrid_search;shipper_with_evaluation_depth,BM25;Deep Learning;Elasticsearch;Flask;Hugging Face Transformers;LLMs;Learning to Rank;LoRA;MLOps;NLP;Pinecone;Prompt Engineering;Python;QLoRA;RAG;SAP;TensorFlow;YOLO;pgvector,none,
2,CAND_0006567,8.105468,0.420175,embeddings:64.4;llm_finetuning:88.7;python_engineering:89.9;vector_hybrid_infrastructure:63,embeddings:Embeddings;llm_finetuning:Fine-tuning LLMs;python_engineering:scikit-learn;vector_hybrid_infrastructure:Weaviate,3,1,senior_plain_language,fine_atom_05,Senior AI Engineer,Meta,end_to_end_intelligence_ownership;evaluated_ranking_system;shipper_with_evaluation_depth,BM25;Content Matching;Data Science;Feature Engineering;GANs;Haystack;Kubernetes;Model Adaptation;NLP;Prompt Engineering;Python;Ranking Systems;Recommendation Systems;Search & Discovery;Search Backend;Speech Recognition;Text Encoders;Vector Representations;Workflow Orchestration;scikit-learn,none,
3,CAND_0039754,8.088125,0.323,llm_finetuning:96.5;ml_depth:80.5;vector_hybrid_infrastructure:61.5,llm_finetuning:Fine-tuning LLMs;ml_depth:Kubeflow|NLP;vector_hybrid_infrastructure:Qdrant,2,-1,senior_explicit_ai,fine_atom_01,Senior Applied Scientist,Meta,end_to_end_intelligence_ownership;evaluated_ranking_system;production_embeddings_retrieval;production_vector_or_hybrid_search;shipper_with_evaluation_depth,ASR;BM25;CI/CD;Deep Learning;Elasticsearch;Fine-tuning LLMs;Kubeflow;LLMs;LlamaIndex;Machine Learning;NLP;OpenSearch;Python;Qdrant;Reinforcement Learning;Speech Recognition;Statistical Modeling;TensorFlow;Weaviate;pgvector,low,
4,CAND_0086022,8.045224,0.5,ml_depth:79.9;ranking_recommendation_matching:79.3;retrieval_search:92.7;vector_hybrid_infrastructure:92.7,ml_depth:Deep Learning;ranking_recommendation_matching:Recommendation Systems;retrieval_search:Vector Search;vector_hybrid_infrastructure:Vector Search,7,3,senior_explicit_ai,fine_atom_04,Senior Applied Scientist,Sarvam AI,end_to_end_intelligence_ownership;evaluated_ranking_system;production_embeddings_retrieval;production_vector_or_hybrid_search;shipper_with_evaluation_depth,Databricks;Deep Learning;ETL;Elasticsearch;Embeddings;Fine-tuning LLMs;Kubeflow;LangChain;LoRA;MLflow;NLP;Pinecone;PyTorch;QLoRA;Recommendation Systems;Sentence Transformers;TensorFlow;Vector Search;pgvector,low,
5,CAND_0030468,8.017021,0.5,embeddings:97;ml_depth:97;retrieval_search:80.5,embeddings:Sentence Transformers;ml_depth:Sentence Transformers;retrieval_search:RAG|Semantic Search,10,5,senior_plain_language,fine_atom_05,Senior Applied Scientist,Swiggy,end_to_end_intelligence_ownership;evaluated_ranking_system;shipper_with_evaluation_depth,CNN;Computer Vision;Content Matching;Diffusion Models;Information Retrieval Systems;Machine Learning;Milvus;Model Adaptation;OpenSearch;Ranking Systems;Recommendation Systems;Search & Discovery;TensorFlow;Text Encoders,low,
6,CAND_0037980,8.014592,0.328,llm_finetuning:74;retrieval_search:72.2;vector_hybrid_infrastructure:72.2,llm_finetuning:LoRA;retrieval_search:Vector Search;vector_hybrid_infrastructure:Vector Search,4,-2,senior_plain_language,fine_atom_05,Senior Applied Scientist,Niramai,end_to_end_intelligence_ownership;evaluated_ranking_system;shipper_with_evaluation_depth,BM25;BentoML;Document Processing;Feature Engineering;Haystack;Indexing Algorithms;Information Retrieval Systems;LoRA;Model Adaptation;NLP;OpenCV;Prompt Engineering;PyTorch;QLoRA;Recommendation Systems;Search Infrastructure;TTS;Text Encoders;Weights & Biases;pgvector;scikit-learn,none,
7,CAND_0046525,7.926161,0.38305,ml_depth:86.7;retrieval_search:66.4;vector_hybrid_infrastructure:77.1,ml_depth:Machine Learning;retrieval_search:Information Retrieval;vector_hybrid_infrastructure:Elasticsearch,13,6,senior_explicit_ai,fine_atom_11,Senior Machine Learning Engineer,Genpact AI,end_to_end_intelligence_ownership;evaluated_ranking_system;production_embeddings_retrieval;production_vector_or_hybrid_search;shipper_with_evaluation_depth,Elasticsearch;Forecasting;Image Classification;Information Retrieval;LLMs;LangChain;LlamaIndex;Machine Learning;NLP;Qdrant;Redux;Sentence Transformers;TTS;TensorFlow;Weights & Biases;YOLO;pgvector,none,
8,CAND_0005538,7.830026,0.209025,embeddings:92.9,embeddings:Embeddings,8,0,senior_plain_language,fine_atom_05,Senior AI Engineer,Adobe,end_to_end_intelligence_ownership;evaluated_ranking_system;shipper_with_evaluation_depth,ASR;Apache Flink;Content Matching;Data Science;Deep Learning;Feature Engineering;Haystack;Information Retrieval Systems;LoRA;Natural Language Processing;Project Management;PyTorch;Python;QLoRA;Statistical Modeling;TTS;Vector Representations;Workflow Orchestration;pgvector,none,
9,CAND_0008425,7.805592,0.1602,ranking_recommendation_matching:77.8,ranking_recommendation_matching:Learning to Rank,6,-3,senior_explicit_ai,fine_atom_10,Senior NLP Engineer,Ola,end_to_end_intelligence_ownership;evaluated_ranking_system;production_embeddings_retrieval;production_vector_or_hybrid_search;shipper_with_evaluation_depth,Haystack;Hugging Face Transformers;Image Classification;Information Retrieval;Learning to Rank;LoRA;NLP;Object Detection;Prompt Engineering;Python;Qdrant;Recommendation Systems;Semantic Search;Sentence Transformers;TensorFlow;Weights & Biases;pgvector,none,
10,CAND_0080766,7.8042,0.21125,vector_hybrid_infrastructure:84.5,vector_hybrid_infrastructure:Weaviate,12,2,senior_plain_language,fine_atom_05,Staff Machine Learning Engineer,Salesforce,end_to_end_intelligence_ownership;evaluated_ranking_system;production_embeddings_retrieval;production_vector_or_hybrid_search;shipper_with_evaluation_depth,ASR;Computer Vision;Deep Learning;Elasticsearch;Information Retrieval Systems;LoRA;MLOps;MLflow;Milvus;Natural Language Processing;Open-source ML libraries;OpenSearch;Python;QLoRA;Search & Discovery;Search Backend;Search Infrastructure;Tally;TensorFlow;Vue.js;YOLO,none,
11,CAND_0081846,7.768399,0.074,retrieval_search:64.8,retrieval_search:Information Retrieval,5,-6,senior_explicit_ai,fine_atom_04,Lead AI Engineer,Razorpay,end_to_end_intelligence_ownership;evaluated_ranking_system;production_embeddings_retrieval;production_vector_or_hybrid_search;shipper_with_evaluation_depth,BM25;Data Science;Deep Learning;Elasticsearch;Embeddings;Forecasting;Information Retrieval;Learning to Rank;LlamaIndex;Machine Learning;PyTorch;Python;Qdrant;Recommendation Systems;Semantic Search;Vector Search;pgvector;scikit-learn,none,
12,CAND_0094759,7.765022,0.23625,ml_depth:80.5;python_engineering:65.9;ranking_recommendation_matching:63.3,ml_depth:Hugging Face Transformers;python_engineering:scikit-learn;ranking_recommendation_matching:Learning to Rank,15,3,senior_explicit_ai,fine_atom_01,Lead AI Engineer,Meta,end_to_end_intelligence_ownership;evaluated_ranking_system;production_embeddings_retrieval;production_vector_or_hybrid_search;shipper_with_evaluation_depth,Agile;FAISS;Fine-tuning LLMs;Hugging Face Transformers;Learning to Rank;MLOps;NLP;Object Detection;Prompt Engineering;Qdrant;Semantic Search;TTS;Vector Search;Weaviate;Weights & Biases;scikit-learn,none,
13,CAND_0068351,7.668208,0.0,,,9,-4,senior_plain_language,fine_atom_05,Lead AI Engineer,Sarvam AI,evaluated_ranking_system,Deep Learning;Elasticsearch;Feature Engineering;GANs;Haystack;Information Retrieval Systems;LoRA;Machine Learning;NLP;Open-source ML libraries;PEFT;Python;Qdrant;Ranking Systems;Redis;Search Backend;Spring Boot;Text Encoders;pgvector,none,
14,CAND_0093193,7.666711,0.46135,embeddings:73.1;ml_depth:73.1;ranking_recommendation_matching:86.6;vector_hybrid_infrastructure:64,embeddings:Sentence Transformers;ml_depth:Sentence Transformers;ranking_recommendation_matching:Learning to Rank;vector_hybrid_infrastructure:FAISS,18,4,senior_plain_language,fine_atom_05,Senior Machine Learning Engineer,Niramai,evaluated_ranking_system,ASR;Content Matching;Forecasting;GANs;Haystack;Indexing Algorithms;Information Retrieval Systems;Machine Learning;Open-source ML libraries;OpenSearch;Qdrant;Ranking Systems;Search & Discovery;Search Backend;Statistical Modeling;TensorFlow;Text Encoders;Vector Representations;scikit-learn,none,
15,CAND_0046064,7.666521,0.04935,python_engineering:64.1,python_engineering:Python,14,-1,senior_explicit_ai,fine_atom_08,Senior NLP Engineer,Salesforce,end_to_end_intelligence_ownership;evaluated_ranking_system;production_embeddings_retrieval;production_vector_or_hybrid_search;shipper_with_evaluation_depth,BM25;Deep Learning;Diffusion Models;Elasticsearch;Haystack;Image Classification;OpenCV;OpenSearch;PEFT;Pinecone;Python;QLoRA;Semantic Search;Six Sigma;TTS;YOLO,none,
16,CAND_0005260,7.651217,0.0,,,11,-5,senior_explicit_ai,fine_atom_08,Senior NLP Engineer,Netflix,end_to_end_intelligence_ownership;evaluated_ranking_system;production_embeddings_retrieval;production_vector_or_hybrid_search;shipper_with_evaluation_depth,Deep Learning;Embeddings;Haystack;Hugging Face Transformers;Information Retrieval;Kubeflow;LoRA;MLOps;MLflow;NLP;Prompt Engineering;Python;RAG;Semantic Search;Snowflake;Speech Recognition;Statistical Modeling;pgvector,low,
17,CAND_0077337,7.548812,0.066,retrieval_search:63.2,retrieval_search:Semantic Search,16,-1,senior_explicit_ai,fine_atom_03,Staff Machine Learning Engineer,Paytm,end_to_end_intelligence_ownership;evaluated_ranking_system;production_embeddings_retrieval;production_vector_or_hybrid_search;shipper_with_evaluation_depth,BM25;Data Science;Excel;Feature Engineering;Forecasting;GANs;Information Retrieval;LLMs;LlamaIndex;OpenCV;OpenSearch;Pinecone;Python;QLoRA;Qdrant;RAG;Recommendation Systems;Semantic Search;Sentence Transformers;pgvector,none,
18,CAND_0060072,7.380015,0.17385,embeddings:61.7;ml_depth:80.8,embeddings:Sentence Transformers;ml_depth:Deep Learning|Sentence Transformers,20,2,senior_explicit_ai,fine_atom_03,Staff Machine Learning Engineer,Amazon,evaluated_ranking_system;shipper_with_evaluation_depth,ASR;BM25;Deep Learning;Embeddings;Feature Engineering;Fine-tuning LLMs;Kubeflow;Machine Learning;Milvus;Next.js;Pinecone;Prompt Engineering;PyTorch;Qdrant;RAG;Recommendation Systems;Redux;Reinforcement Learning;Sentence Transformers;YOLO,low,
19,CAND_0041611,7.3657,0.0,,,17,-2,senior_explicit_ai,fine_atom_04,Staff Machine Learning Engineer,Locobuzz,end_to_end_intelligence_ownership;evaluated_ranking_system;production_embeddings_retrieval;production_vector_or_hybrid_search;shipper_with_evaluation_depth,BM25;Deep Learning;Diffusion Models;Fine-tuning LLMs;GANs;LangChain;LlamaIndex;MLOps;NLP;OpenSearch;Prompt Engineering;PyTorch;QLoRA;Qdrant;Sentence Transformers;Weaviate;Weights & Biases;pgvector,low,
20,CAND_0061257,7.314434,0.0585,llm_finetuning:69.5,llm_finetuning:PEFT,19,-1,senior_plain_language,fine_atom_05,Staff Machine Learning Engineer,LinkedIn,evaluated_ranking_system,ETL;Feature Engineering;Haystack;Image Classification;Indexing Algorithms;Information Retrieval Systems;Machine Learning;Model Adaptation;PEFT;Python;Search Backend;Search Infrastructure;TTS;Time Series;Vector Representations;Workflow Orchestration,none,
21,CAND_0092278,6.980637,0.0,,,21,0,senior_explicit_ai,fine_atom_03,Senior NLP Engineer,Microsoft,end_to_end_intelligence_ownership;evaluated_ranking_system;production_embeddings_retrieval;production_vector_or_hybrid_search;shipper_with_evaluation_depth,Elasticsearch;GANs;Hugging Face Transformers;LLMs;MLflow;Machine Learning;Milvus;NLP;Object Detection;PEFT;QLoRA;Semantic Search;TensorFlow;Time Series;Vector Search;gRPC;pgvector,none,
22,CAND_0079387,6.729039,0.5,embeddings:85.8;ml_depth:85.8;python_engineering:66.5;ranking_recommendation_matching:84.4,embeddings:Sentence Transformers;ml_depth:Sentence Transformers;python_engineering:Python|scikit-learn;ranking_recommendation_matching:Recommendation Systems,24,2,applied_ml,fine_atom_00,AI Engineer,Microsoft,evaluated_ranking_system;production_embeddings_retrieval;production_vector_or_hybrid_search;shipper_with_evaluation_depth,ASR;BM25;BentoML;Haystack;Illustrator;JavaScript;Kubeflow;Learning to Rank;LoRA;Next.js;OpenSearch;Python;QLoRA;Recommendation Systems;Reinforcement Learning;Sentence Transformers;Time Series;Vector Search;YOLO;scikit-learn,none,
23,CAND_0037944,6.688558,0.5,llm_finetuning:88.8;ml_depth:90.6;retrieval_search:91.6;vector_hybrid_infrastructure:91.6,llm_finetuning:QLoRA;ml_depth:Machine Learning;retrieval_search:Vector Search;vector_hybrid_infrastructure:OpenSearch|Vector Search,27,4,applied_ml,fine_atom_00,Senior Data Scientist,Vedantu,evaluated_ranking_system;production_embeddings_retrieval;production_vector_or_hybrid_search;shipper_with_evaluation_depth,ASR;Apache Flink;BM25;CNN;Embeddings;Feature Engineering;LLMs;LlamaIndex;Machine Learning;NLP;Next.js;OpenSearch;PEFT;Python;QLoRA;Sentence Transformers;Terraform;Vector Search,low,
24,CAND_0084819,6.661693,0.5,ranking_recommendation_matching:89.4;retrieval_search:77.4;vector_hybrid_infrastructure:82.8,ranking_recommendation_matching:Recommendation Systems;retrieval_search:BM25|Semantic Search;vector_hybrid_infrastructure:OpenSearch,34,10,applied_ml,fine_atom_00,Search Engineer,Dream11,evaluated_ranking_system;production_embeddings_retrieval;production_vector_or_hybrid_search;shipper_with_evaluation_depth,BM25;Docker;GCP;Information Retrieval;LlamaIndex;LoRA;MLOps;MLflow;OpenSearch;PyTorch;Recommendation Systems;Reinforcement Learning;Semantic Search;Sentence Transformers;Speech Recognition;Weaviate;scikit-learn,low,
25,CAND_0075249,6.640763,0.5,embeddings:80.7;llm_finetuning:57.6;ml_depth:80.7;vector_hybrid_infrastructure:77.9,embeddings:Sentence Transformers;llm_finetuning:Fine-tuning LLMs;ml_depth:Machine Learning|Sentence Transformers;vector_hybrid_infrastructure:Milvus,40,15,applied_ml,fine_atom_00,Applied ML Engineer,Zomato,evaluated_ranking_system;shipper_with_evaluation_depth,ASR;BM25;Diffusion Models;Fine-tuning LLMs;Hadoop;Haystack;Kubeflow;Learning to Rank;MLflow;Machine Learning;Milvus;Pinecone;Sentence Transformers;Time Series,none,
26,CAND_0051004,6.639595,0.3824,embeddings:90.4;retrieval_search:77.9,embeddings:Embeddings;retrieval_search:Semantic Search,25,-1,applied_ml,fine_atom_00,Senior Data Scientist,CRED,production_embeddings_retrieval;production_vector_or_hybrid_search;shipper_with_evaluation_depth,ASR;BentoML;BigQuery;Docker;Embeddings;Fine-tuning LLMs;Forecasting;Haystack;LlamaIndex;LoRA;MLOps;MLflow;PEFT;Prompt Engineering;PyTorch;Qdrant;Reinforcement Learning;Semantic Search;Vector Search;gRPC,low,
27,CAND_0027691,6.619927,0.4356,llm_finetuning:86.9;python_engineering:64.2;ranking_recommendation_matching:63.9;vector_hybrid_infrastructure:79.3,llm_finetuning:LoRA|PEFT;python_engineering:scikit-learn;ranking_recommendation_matching:Recommendation Systems;vector_hybrid_infrastructure:Weaviate,32,5,applied_ml,fine_atom_00,NLP Engineer,Haptik,evaluated_ranking_system,Computer Vision;Embeddings;Learning to Rank;LoRA;MLflow;Marketing;PEFT;Python;QLoRA;Recommendation Systems;SAP;Semantic Search;Statistical Modeling;TTS;TensorFlow;Weaviate;scikit-learn,none,
28,CAND_0096142,6.512301,0.35195,llm_finetuning:91.8;vector_hybrid_infrastructure:85.7,llm_finetuning:LoRA;vector_hybrid_infrastructure:Pinecone|Weaviate,43,15,applied_ml,fine_atom_00,Applied ML Engineer,upGrad,evaluated_ranking_system;shipper_with_evaluation_depth,BM25;BentoML;CNN;CSS;Hugging Face Transformers;Kubeflow;LoRA;NLP;OpenCV;Pinecone;Python;RAG;Weaviate;Weights & Biases;dbt,none,
29,CAND_0074225,6.511974,0.26125,ranking_recommendation_matching:58.5;retrieval_search:89.2,ranking_recommendation_matching:Recommendation Systems;retrieval_search:Semantic Search,29,0,applied_ml,fine_atom_00,Machine Learning Engineer,Unacademy,evaluated_ranking_system;production_embeddings_retrieval;production_vector_or_hybrid_search;shipper_with_evaluation_depth,ASR;Apache Beam;CI/CD;Elasticsearch;Haystack;Hugging Face Transformers;Machine Learning;Milvus;Python;QLoRA;Qdrant;Recommendation Systems;Semantic Search;Statistical Modeling;Time Series;Vector Search;scikit-learn,low,
30,CAND_0044855,6.499269,0.36705,ml_depth:79.9;ranking_recommendation_matching:63.7;vector_hybrid_infrastructure:78.6,ml_depth:BentoML|Hugging Face Transformers;ranking_recommendation_matching:Learning to Rank;vector_hybrid_infrastructure:OpenSearch,50,20,applied_ml,fine_atom_00,Senior Data Scientist,Flipkart,evaluated_ranking_system;production_embeddings_retrieval;production_vector_or_hybrid_search;shipper_with_evaluation_depth,BentoML;Data Science;Embeddings;Forecasting;Hugging Face Transformers;Image Classification;Information Retrieval;Learning to Rank;Machine Learning;NLP;Object Detection;OpenSearch;Pinecone;QLoRA;Qdrant;Statistical Modeling;Vector Search,none,
31,CAND_0039383,6.482334,0.25975,ml_depth:85.8;ranking_recommendation_matching:64.9;vector_hybrid_infrastructure:62.8,ml_depth:Hugging Face Transformers|Kubeflow;ranking_recommendation_matching:Recommendation Systems;vector_hybrid_infrastructure:FAISS,36,5,applied_ml,fine_atom_00,Applied ML Engineer,Meesho,evaluated_ranking_system;shipper_with_evaluation_depth,ASR;CNN;Elasticsearch;FAISS;Feature Engineering;GANs;Hugging Face Transformers;Kubeflow;LoRA;MLflow;NLP;Prompt Engineering;QLoRA;Recommendation Systems;Vector Search;pgvector,none,
32,CAND_0052328,6.473682,0.2066,llm_finetuning:85.4;vector_hybrid_infrastructure:65.7,llm_finetuning:LoRA;vector_hybrid_infrastructure:OpenSearch,28,-4,applied_ml,fine_atom_00,Recommendation Systems Engineer,Amazon,production_embeddings_retrieval;production_vector_or_hybrid_search;shipper_with_evaluation_depth,ASR;Computer Vision;Fine-tuning LLMs;Image Classification;Learning to Rank;LoRA;Object Detection;OpenSearch;Python;QLoRA;Recommendation Systems;Reinforcement Learning;Sentence Transformers;Vector Search;YOLO;scikit-learn,none,
33,CAND_0042029,6.468977,0.29305,ml_depth:82.7;retrieval_search:76.9,ml_depth:NLP;retrieval_search:RAG,45,12,applied_ml,fine_atom_00,Senior Data Scientist,Flipkart,evaluated_ranking_system;production_embeddings_retrieval;production_vector_or_hybrid_search;shipper_with_evaluation_depth,Deep Learning;Elasticsearch;Embeddings;Feature Engineering;Haystack;Hugging Face Transformers;Image Classification;Learning to Rank;NLP;OpenSearch;PyTorch;RAG;REST APIs;Speech Recognition;Statistical Modeling;TypeScript;Weaviate;YOLO,none,
34,CAND_0041669,6.462725,0.20925,vector_hybrid_infrastructure:83.7,vector_hybrid_infrastructure:FAISS|Milvus,31,-3,applied_ml,fine_atom_00,Recommendation Systems Engineer,CRED,evaluated_ranking_system;production_embeddings_retrieval;production_vector_or_hybrid_search;shipper_with_evaluation_depth,ASR;Diffusion Models;FAISS;Flask;Haystack;Information Retrieval;MLOps;MLflow;Machine Learning;Milvus;PEFT;Prompt Engineering;QLoRA;Qdrant;Semantic Search;Time Series;TypeScript;Vue.js;Weaviate;Weights & Biases,none,
35,CAND_0045250,6.46095,0.380167,embeddings:83.2;llm_finetuning:65;ml_depth:83.2;vector_hybrid_infrastructure:53.9,embeddings:Embeddings|Sentence Transformers;llm_finetuning:LoRA;ml_depth:Sentence Transformers;vector_hybrid_infrastructure:Milvus,59,24,applied_ml,fine_atom_00,Applied ML Engineer,Rephrase.ai,evaluated_ranking_system;shipper_with_evaluation_depth,ASR;BM25;Embeddings;Image Classification;LLMs;LangChain;LoRA;MLflow;Milvus;NLP;PEFT;Qdrant;Sentence Transformers;TTS;TensorFlow;Time Series;Vector Search,none,
36,CAND_0006418,6.448942,0.422525,embeddings:88.9;retrieval_search:89,embeddings:Embeddings;retrieval_search:Semantic Search,75,39,applied_ml,fine_atom_00,Machine Learning Engineer,Verloop.io,evaluated_ranking_system;shipper_with_evaluation_depth,Diffusion Models;Elasticsearch;Embeddings;Forecasting;Kubernetes;Learning to Rank;MLflow;Object Detection;OpenSearch;Qdrant;Semantic Search;Snowflake;TensorFlow;Time Series;Weaviate;gRPC,low,
37,CAND_0075439,6.432649,0.231975,llm_finetuning:63.8;ranking_recommendation_matching:84.7,llm_finetuning:LoRA;ranking_recommendation_matching:Learning to Rank,42,5,applied_ml,fine_atom_00,Machine Learning Engineer,Flipkart,evaluated_ranking_system;production_embeddings_retrieval;production_vector_or_hybrid_search;shipper_with_evaluation_depth,ASR;Elasticsearch;Embeddings;Feature Engineering;Information Retrieval;JavaScript;Learning to Rank;LoRA;MLflow;OpenSearch;Semantic Search;Vector Search,low,
38,CAND_0070202,6.420581,0.337675,embeddings:54;llm_finetuning:76.8;ranking_recommendation_matching:81.5;vector_hybrid_infrastructure:56.5,embeddings:Embeddings;llm_finetuning:LoRA;ranking_recommendation_matching:Learning to Rank;vector_hybrid_infrastructure:Qdrant,63,25,applied_ml,fine_atom_00,Machine Learning Engineer,BYJU'S,evaluated_ranking_system;shipper_with_evaluation_depth,BM25;Embeddings;Fine-tuning LLMs;GANs;Learning to Rank;LoRA;Microservices;NLP;Object Detection;OpenCV;PyTorch;Qdrant;RAG;Semantic Search;Weights & Biases,none,
39,CAND_0081686,6.418313,0.34705,embeddings:61.8;ml_depth:73.2;vector_hybrid_infrastructure:85.9,embeddings:Embeddings;ml_depth:Kubeflow|Machine Learning;vector_hybrid_infrastructure:FAISS,67,28,applied_ml,fine_atom_00,Search Engineer,Netflix,evaluated_ranking_system;shipper_with_evaluation_depth,BigQuery;CNN;Embeddings;FAISS;Feature Engineering;Forecasting;Hugging Face Transformers;Java;Kubeflow;LLMs;LangChain;Machine Learning;Milvus;OpenCV;Python;QLoRA;Semantic Search;Weights & Biases,none,
40,CAND_0009024,6.417412,0.4605,llm_finetuning:89.8;ml_depth:80.7;vector_hybrid_infrastructure:81.9,llm_finetuning:PEFT;ml_depth:Machine Learning;vector_hybrid_infrastructure:FAISS|Qdrant,93,53,applied_ml,fine_atom_00,Search Engineer,Google,evaluated_ranking_system;shipper_with_evaluation_depth,Airflow;CSS;FAISS;LlamaIndex;LoRA;MLOps;MLflow;Machine Learning;OpenSearch;PEFT;PyTorch;Qdrant;Recommendation Systems;TTS;YOLO;dbt,low,
41,CAND_0095528,6.414877,0.28075,retrieval_search:86.7;vector_hybrid_infrastructure:62.8,retrieval_search:Semantic Search|Vector Search;vector_hybrid_infrastructure:OpenSearch|Vector Search,57,16,applied_ml,fine_atom_00,Senior Data Scientist,Netflix,evaluated_ranking_system;shipper_with_evaluation_depth,CNN;Elasticsearch;Feature Engineering;Fine-tuning LLMs;GANs;MLOps;OpenSearch;PyTorch;Python;Qdrant;RAG;Semantic Search;Vector Search;pgvector;scikit-learn,none,
42,CAND_0009691,6.413129,0.25755,llm_finetuning:81.8;ml_depth:65.1;ranking_recommendation_matching:69.9,llm_finetuning:Fine-tuning LLMs|LoRA;ml_depth:BentoML;ranking_recommendation_matching:Recommendation Systems,52,10,applied_ml,fine_atom_00,Applied ML Engineer,LinkedIn,evaluated_ranking_system;shipper_with_evaluation_depth,ASR;BentoML;FAISS;Fine-tuning LLMs;GANs;Kubeflow;LangChain;LoRA;MLflow;Pinecone;Prompt Engineering;QLoRA;Qdrant;Recommendation Systems;Reinforcement Learning;Sentence Transformers;Spring Boot;Terraform;scikit-learn,none,
43,CAND_0068811,6.40531,0.042,retrieval_search:52.6;vector_hybrid_infrastructure:52.6,retrieval_search:Vector Search;vector_hybrid_infrastructure:Vector Search,22,-21,applied_ml,fine_atom_00,Applied ML Engineer,Freshworks,evaluated_ranking_system;production_embeddings_retrieval;production_vector_or_hybrid_search;shipper_with_evaluation_depth,Agile;Data Science;Embeddings;Haystack;Kubeflow;OpenSearch;PEFT;Pinecone;Qdrant;React;Speech Recognition;TTS;TensorFlow;Time Series;Vector Search;Weaviate;gRPC;pgvector;scikit-learn,none,
44,CAND_0020877,6.404011,0.24815,llm_finetuning:63;ml_depth:82.1;vector_hybrid_infrastructure:67.2,llm_finetuning:QLoRA;ml_depth:Kubeflow;vector_hybrid_infrastructure:Elasticsearch,54,10,applied_ml,fine_atom_00,Applied ML Engineer,CRED,production_embeddings_retrieval;production_vector_or_hybrid_search;shipper_with_evaluation_depth,Deep Learning;Elasticsearch;Forecasting;Illustrator;Information Retrieval;Java;Kubeflow;LlamaIndex;Milvus;OpenSearch;PEFT;PyTorch;QLoRA;Qdrant;Statistical Modeling;Weaviate;YOLO;scikit-learn,low,
45,CAND_0047721,6.39826,0.5,ranking_recommendation_matching:82.8;retrieval_search:87.8;vector_hybrid_infrastructure:73.6,ranking_recommendation_matching:Learning to Rank;retrieval_search:BM25|Information Retrieval|RAG;vector_hybrid_infrastructure:Milvus,,,applied_ml,fine_atom_00,Senior Data Scientist,Microsoft,evaluated_ranking_system;shipper_with_evaluation_depth,BM25;Diffusion Models;FAISS;Forecasting;Image Classification;Information Retrieval;Learning to Rank;MLOps;Machine Learning;Milvus;NLP;OpenCV;Photoshop;Qdrant;RAG;Redux;Salesforce CRM,none,
46,CAND_0055992,6.394686,0.236417,retrieval_search:87.1;vector_hybrid_infrastructure:51.2,retrieval_search:Information Retrieval|RAG;vector_hybrid_infrastructure:FAISS,55,9,applied_ml,fine_atom_00,AI Engineer,CRED,evaluated_ranking_system;production_embeddings_retrieval;production_vector_or_hybrid_search;shipper_with_evaluation_depth,Accounting;Data Science;Deep Learning;Embeddings;FAISS;Feature Engineering;Fine-tuning LLMs;Information Retrieval;LangChain;MLflow;Milvus;OpenSearch;Prompt Engineering;RAG;SQL;Vue.js,low,
47,CAND_0028793,6.392554,0.249975,embeddings:88.7;ml_depth:66.8,embeddings:Embeddings;ml_depth:Kubeflow,58,11,applied_ml,fine_atom_00,Search Engineer,Google,evaluated_ranking_system;production_embeddings_retrieval;production_vector_or_hybrid_search;shipper_with_evaluation_depth,Embeddings;Haystack;Information Retrieval;Kubeflow;Learning to Rank;LoRA;NLP;PEFT;PowerPoint;PyTorch;QLoRA;SAP;Weights & Biases;YOLO;pgvector,none,
48,CAND_0093912,6.390929,0.154,vector_hybrid_infrastructure:75.4,vector_hybrid_infrastructure:Milvus,39,-9,applied_ml,fine_atom_00,Senior Data Scientist,Razorpay,evaluated_ranking_system,CNN;Elasticsearch;Embeddings;FastAPI;Feature Engineering;Forecasting;Haystack;Learning to Rank;Milvus;Recommendation Systems;SAP;Sales;Vector Search,none,
49,CAND_0061265,6.381017,0.2135,vector_hybrid_infrastructure:85.4,vector_hybrid_infrastructure:Qdrant,53,4,applied_ml,fine_atom_00,Recommendation Systems Engineer,Zoho,evaluated_ranking_system,Accounting;Computer Vision;Django;Embeddings;Hugging Face Transformers;LangChain;Learning to Rank;Milvus;Object Detection;Prompt Engineering;QLoRA;Qdrant;Reinforcement Learning;SQL;Time Series;Vector Search,none,
50,CAND_0087630,6.37307,0.0795,vector_hybrid_infrastructure:65.9,vector_hybrid_infrastructure:Elasticsearch,30,-20,applied_ml,fine_atom_00,AI Engineer,Vedantu,evaluated_ranking_system;shipper_with_evaluation_depth,ASR;BM25;Data Science;Deep Learning;Elasticsearch;Embeddings;Feature Engineering;Flask;GANs;Hugging Face Transformers;Learning to Rank;NLP;OpenSearch;QLoRA;Sentence Transformers;Tally;Weights & Biases;pgvector,none,
51,CAND_0057701,6.37146,0.31855,ml_depth:69.6;python_engineering:65;vector_hybrid_infrastructure:82.9,ml_depth:Deep Learning;python_engineering:Python;vector_hybrid_infrastructure:OpenSearch|Qdrant,76,25,applied_ml,fine_atom_00,Recommendation Systems Engineer,Verloop.io,evaluated_ranking_system;shipper_with_evaluation_depth,Deep Learning;Feature Engineering;Hugging Face Transformers;Learning to Rank;Machine Learning;Milvus;OpenSearch;PEFT;Prompt Engineering;Python;Qdrant;Snowflake;TTS;TensorFlow;Time Series;TypeScript;Vue.js,low,
52,CAND_0012957,6.370985,0.1671,llm_finetuning:57.7;ml_depth:77.5;retrieval_search:57.8,llm_finetuning:PEFT;ml_depth:Deep Learning;retrieval_search:RAG,48,-4,applied_ml,fine_atom_00,Search Engineer,Razorpay,evaluated_ranking_system;shipper_with_evaluation_depth,ASR;BM25;BentoML;Deep Learning;Embeddings;Fine-tuning LLMs;LangChain;Machine Learning;OpenCV;PEFT;Python;Qdrant;RAG;Redis;Statistical Modeling,low,
53,CAND_0007009,6.369653,0.0,,,23,-30,applied_ml,fine_atom_00,Recommendation Systems Engineer,Wysa,production_embeddings_retrieval;production_vector_or_hybrid_search;shipper_with_evaluation_depth,BM25;CNN;Data Science;ETL;Embeddings;Forecasting;Haystack;LLMs;Learning to Rank;LoRA;OpenSearch;PEFT;Python;QLoRA;Sentence Transformers;Statistical Modeling;Weaviate;Weights & Biases,none,
54,CAND_0054123,6.369271,0.161,python_engineering:92,python_engineering:Python,46,-8,applied_ml,fine_atom_00,Applied ML Engineer,Meta,evaluated_ranking_system;shipper_with_evaluation_depth,Fine-tuning LLMs;Hugging Face Transformers;LLMs;LangChain;Python;Qdrant;Reinforcement Learning;SEO;Semantic Search;Speech Recognition;Tailwind;Vector Search;Weaviate;Weights & Biases;pgvector,low,
55,CAND_0079284,6.368912,0.2747,llm_finetuning:64.1;python_engineering:84.2;ranking_recommendation_matching:68.9,llm_finetuning:QLoRA;python_engineering:scikit-learn;ranking_recommendation_matching:Recommendation Systems,65,10,applied_ml,fine_atom_00,Machine Learning Engineer,Google,evaluated_ranking_system;shipper_with_evaluation_depth,ASR;Elasticsearch;Feature Engineering;Fine-tuning LLMs;Illustrator;LlamaIndex;Machine Learning;NLP;Project Management;QLoRA;Qdrant;Recommendation Systems;Terraform;Weights & Biases;scikit-learn,low,
56,CAND_0056881,6.336739,0.3536,ml_depth:83.4;vector_hybrid_infrastructure:91.4,ml_depth:Hugging Face Transformers;vector_hybrid_infrastructure:Elasticsearch,96,40,applied_ml,fine_atom_00,Machine Learning Engineer,Zomato,evaluated_ranking_system;shipper_with_evaluation_depth,BentoML;Deep Learning;Elasticsearch;Excel;Hugging Face Transformers;Information Retrieval;Kubeflow;Learning to Rank;Pinecone;PyTorch;Salesforce CRM;TTS;Vector Search;scikit-learn,low,
57,CAND_0042506,6.332048,0.2349,llm_finetuning:68.9;python_engineering:73.6;retrieval_search:66.6,llm_finetuning:PEFT;python_engineering:scikit-learn;retrieval_search:Semantic Search,68,11,applied_ml,fine_atom_00,Search Engineer,Verloop.io,evaluated_ranking_system;production_embeddings_retrieval;production_vector_or_hybrid_search;shipper_with_evaluation_depth,Airflow;BentoML;Deep Learning;Diffusion Models;FAISS;Fine-tuning LLMs;Forecasting;Information Retrieval;Milvus;NLP;Object Detection;OpenCV;PEFT;Qdrant;Semantic Search;TTS;TensorFlow;pgvector;scikit-learn,low,
58,CAND_0086151,6.330443,0.285825,ranking_recommendation_matching:83.7;vector_hybrid_infrastructure:69.5,ranking_recommendation_matching:Recommendation Systems;vector_hybrid_infrastructure:Qdrant,81,23,applied_ml,fine_atom_00,Recommendation Systems Engineer,Wysa,evaluated_ranking_system;shipper_with_evaluation_depth,BM25;BentoML;Computer Vision;Data Science;Elasticsearch;Embeddings;Feature Engineering;Figma;LangChain;LoRA;OpenSearch;PEFT;Qdrant;Recommendation Systems;Sentence Transformers;Snowflake;Statistical Modeling;Time Series;dbt,none,
59,CAND_0064904,6.329134,0.2733,embeddings:62.2;ml_depth:53.9;vector_hybrid_infrastructure:81.8,embeddings:Embeddings;ml_depth:Hugging Face Transformers;vector_hybrid_infrastructure:Elasticsearch,79,20,applied_ml,fine_atom_00,AI Engineer,LinkedIn,evaluated_ranking_system;shipper_with_evaluation_depth,Computer Vision;Diffusion Models;Elasticsearch;Embeddings;FastAPI;Forecasting;Hugging Face Transformers;LLMs;MLOps;OpenSearch;Prompt Engineering;Python;Recommendation Systems;TensorFlow;Vector Search;Weaviate,low,
60,CAND_0010257,6.328579,0.240017,python_engineering:51.8;vector_hybrid_infrastructure:90.5,python_engineering:Python;vector_hybrid_infrastructure:Milvus|OpenSearch,72,12,applied_ml,fine_atom_00,Senior Data Scientist,Google,evaluated_ranking_system;shipper_with_evaluation_depth,ASR;Feature Engineering;Forecasting;Image Classification;JavaScript;MLflow;Machine Learning;Milvus;OpenSearch;Python;Qdrant;Recommendation Systems;Rust;TensorFlow;pgvector,none,
61,CAND_0064270,6.328342,0.0,,,26,-35,applied_ml,fine_atom_00,Applied ML Engineer,Verloop.io,evaluated_ranking_system;shipper_with_evaluation_depth,Angular;BM25;BentoML;Elasticsearch;Embeddings;Haystack;Hugging Face Transformers;Kubeflow;Learning to Rank;LlamaIndex;Machine Learning;Microservices;OpenSearch;PEFT;PyTorch;React;Sentence Transformers;YOLO,low,
62,CAND_0043228,6.310193,0.1245,ml_depth:83,ml_depth:Hugging Face Transformers|NLP,56,-6,applied_ml,fine_atom_00,Applied ML Engineer,Zoho,evaluated_ranking_system,ASR;BigQuery;FastAPI;Haystack;Hugging Face Transformers;Image Classification;Kubeflow;Learning to Rank;Machine Learning;NLP;OpenSearch;React;Sentence Transformers;TTS;Vector Search;Weaviate;YOLO;pgvector,none,
63,CAND_0099806,6.309194,0.057,llm_finetuning:69,llm_finetuning:LoRA,41,-22,applied_ml,fine_atom_00,AI Engineer,Mad Street Den,evaluated_ranking_system;shipper_with_evaluation_depth,Agile;BM25;Elasticsearch;Embeddings;FAISS;LoRA;OpenCV;Prompt Engineering;Qdrant;RAG;Reinforcement Learning;Sentence Transformers;Speech Recognition;Statistical Modeling;Time Series;Weaviate;dbt;pgvector,low,
64,CAND_0032807,6.30407,0.35805,python_engineering:79.4;vector_hybrid_infrastructure:88.9,python_engineering:scikit-learn;vector_hybrid_infrastructure:OpenSearch,,,applied_ml,fine_atom_00,Machine Learning Engineer,CRED,production_embeddings_retrieval;production_vector_or_hybrid_search;shipper_with_evaluation_depth,Content Writing;Data Science;Deep Learning;Fine-tuning LLMs;GANs;Hugging Face Transformers;LLMs;LangChain;LoRA;Marketing;Milvus;Object Detection;OpenCV;OpenSearch;Python;Sentence Transformers;TTS;scikit-learn,low,
65,CAND_0011162,6.299817,0.0,,,33,-32,applied_ml,fine_atom_00,Recommendation Systems Engineer,upGrad,evaluated_ranking_system;shipper_with_evaluation_depth,CNN;Django;Embeddings;FAISS;Kubeflow;LangChain;LoRA;Milvus;OpenSearch;PEFT;Pinecone;Python;Sentence Transformers;Vector Search;Weaviate;Weights & Biases;gRPC,low,
66,CAND_0065195,6.296763,0.0,,,35,-31,applied_ml,fine_atom_00,Search Engineer,CRED,production_embeddings_retrieval;production_vector_or_hybrid_search;shipper_with_evaluation_depth,BentoML;Diffusion Models;Django;Elasticsearch;Hugging Face Transformers;LLMs;Learning to Rank;LlamaIndex;MLOps;QLoRA;Qdrant;pgvector;scikit-learn,low,
67,CAND_0030031,6.293664,0.07955,ml_depth:63.5;python_engineering:53.9;retrieval_search:53.7,ml_depth:NLP;python_engineering:Python;retrieval_search:Information Retrieval,49,-18,applied_ml,fine_atom_00,AI Engineer,Microsoft,evaluated_ranking_system;shipper_with_evaluation_depth,BM25;Information Retrieval;LoRA;Milvus;NLP;Object Detection;OpenCV;PyTorch;Python;QLoRA;RAG;Sentence Transformers;Time Series;Vector Search;YOLO;scikit-learn,low,
68,CAND_0030348,6.284658,0.0,,,37,-31,applied_ml,fine_atom_00,Machine Learning Engineer,BYJU'S,evaluated_ranking_system;shipper_with_evaluation_depth,Deep Learning;Elasticsearch;Embeddings;GANs;Haystack;LlamaIndex;MLOps;Marketing;OpenCV;PyTorch;Python;Redis;Spring Boot;TTS;Vector Search;pgvector,low,
69,CAND_0005649,6.280074,0.0,,,38,-31,applied_ml,fine_atom_00,Senior Data Scientist,Sarvam AI,evaluated_ranking_system;production_embeddings_retrieval;production_vector_or_hybrid_search;shipper_with_evaluation_depth,Deep Learning;Fine-tuning LLMs;Haystack;Information Retrieval;Kubeflow;Microservices;Object Detection;OpenCV;Prompt Engineering;QLoRA;RAG;Recommendation Systems;Redis;Semantic Search;TensorFlow;Weaviate;scikit-learn,none,
70,CAND_0069905,6.27951,0.0678,llm_finetuning:71.3,llm_finetuning:LoRA,51,-19,applied_ml,fine_atom_00,Applied ML Engineer,Sarvam AI,production_embeddings_retrieval;production_vector_or_hybrid_search;shipper_with_evaluation_depth,Computer Vision;Flask;Forecasting;Hugging Face Transformers;Image Classification;LangChain;Learning to Rank;LoRA;MLOps;Object Detection;Python;Recommendation Systems;Redux;Sentence Transformers;Speech Recognition;TensorFlow;Weaviate,none,
71,CAND_0024466,6.270279,0.282,ranking_recommendation_matching:75;retrieval_search:74.7,ranking_recommendation_matching:Recommendation Systems;retrieval_search:BM25,99,28,applied_ml,fine_atom_00,Search Engineer,PharmEasy,evaluated_ranking_system;shipper_with_evaluation_depth,BM25;CI/CD;Computer Vision;Fine-tuning LLMs;Forecasting;Image Classification;LLMs;LoRA;MLOps;NLP;PEFT;Pinecone;PyTorch;Recommendation Systems;Reinforcement Learning;Sentence Transformers;Weights & Biases;pgvector,low,
72,CAND_0070398,6.26761,0.212,retrieval_search:84.8,retrieval_search:BM25|RAG,85,13,applied_ml,fine_atom_00,Machine Learning Engineer,Genpact AI,evaluated_ranking_system;shipper_with_evaluation_depth,BM25;Data Science;Embeddings;FAISS;Fine-tuning LLMs;Image Classification;Information Retrieval;Learning to Rank;LoRA;Object Detection;PyTorch;Python;RAG;Recommendation Systems;Reinforcement Learning;pgvector,none,
73,CAND_0050876,6.260548,0.22015,ml_depth:55.8;vector_hybrid_infrastructure:81.1,ml_depth:MLOps;vector_hybrid_infrastructure:FAISS|Qdrant,88,15,applied_ml,fine_atom_00,Applied ML Engineer,Freshworks,evaluated_ranking_system;shipper_with_evaluation_depth,FAISS;Forecasting;Image Classification;Kubeflow;LlamaIndex;MLOps;Machine Learning;OpenSearch;Prompt Engineering;PyTorch;Python;QLoRA;Qdrant;SQL;Sentence Transformers;Weights & Biases;YOLO;scikit-learn,none,
74,CAND_0096172,6.257012,0.0,,,44,-30,applied_ml,fine_atom_00,NLP Engineer,Krutrim,evaluated_ranking_system;shipper_with_evaluation_depth,CNN;Elasticsearch;Fine-tuning LLMs;Forecasting;GraphQL;Haystack;Hugging Face Transformers;LangChain;OpenSearch;Python;Qdrant;RAG;Semantic Search;Sentence Transformers;Time Series,none,
75,CAND_0089552,6.252607,0.263,retrieval_search:67;vector_hybrid_infrastructure:77.8,retrieval_search:Semantic Search|Vector Search;vector_hybrid_infrastructure:Qdrant|Vector Search|Weaviate,100,25,applied_ml,fine_atom_00,Machine Learning Engineer,Netflix,evaluated_ranking_system;production_embeddings_retrieval;production_vector_or_hybrid_search;shipper_with_evaluation_depth,BM25;Feature Engineering;Fine-tuning LLMs;Forecasting;GANs;Hugging Face Transformers;Image Classification;Machine Learning;Milvus;Next.js;Qdrant;SAP;Semantic Search;Sentence Transformers;TTS;TensorFlow;Time Series;Vector Search;Weaviate,none,
76,CAND_0031593,6.251716,0.0,,,47,-29,applied_ml,fine_atom_00,Search Engineer,Genpact AI,evaluated_ranking_system;production_embeddings_retrieval;production_vector_or_hybrid_search;shipper_with_evaluation_depth,ASR;BM25;BentoML;CNN;Elasticsearch;Embeddings;GCP;HTML;Haystack;Hugging Face Transformers;Java;LangChain;OpenCV;Recommendation Systems;Statistical Modeling;Weights & Biases,none,
77,CAND_0000031,6.250064,0.092,vector_hybrid_infrastructure:68.4,vector_hybrid_infrastructure:FAISS|Pinecone,60,-17,applied_ml,fine_atom_00,Recommendation Systems Engineer,Swiggy,evaluated_ranking_system;shipper_with_evaluation_depth,Angular;BentoML;Embeddings;FAISS;Feature Engineering;Go;Hugging Face Transformers;Image Classification;Information Retrieval;MLOps;MLflow;Machine Learning;Marketing;Pinecone;Sentence Transformers;Speech Recognition;scikit-learn,none,
78,CAND_0092245,6.238473,0.0819,embeddings:68.2,embeddings:Embeddings,62,-16,applied_ml,fine_atom_00,Senior Data Scientist,Ola,evaluated_ranking_system;shipper_with_evaluation_depth,Airflow;Content Writing;Data Science;Elasticsearch;Embeddings;FAISS;Fine-tuning LLMs;Forecasting;GANs;Hugging Face Transformers;Kafka;LlamaIndex;NLP;Qdrant;RAG;Statistical Modeling;Vector Search,low,
79,CAND_0081053,6.236761,0.1332,llm_finetuning:88.8,llm_finetuning:LoRA|QLoRA,77,-2,applied_ml,fine_atom_00,NLP Engineer,Glance,evaluated_ranking_system;shipper_with_evaluation_depth,Diffusion Models;Haystack;Image Classification;Learning to Rank;LoRA;Machine Learning;Object Detection;OpenCV;OpenSearch;QLoRA;Qdrant;Semantic Search;Speech Recognition;Weaviate;Webpack;pgvector;scikit-learn,none,
80,CAND_0066376,6.221968,0.2046,llm_finetuning:81.8;ranking_recommendation_matching:68.2,llm_finetuning:LoRA;ranking_recommendation_matching:Recommendation Systems,97,17,applied_ml,fine_atom_00,Applied ML Engineer,Dream11,evaluated_ranking_system;shipper_with_evaluation_depth,BM25;CNN;Deep Learning;FAISS;Fine-tuning LLMs;Information Retrieval;LLMs;Learning to Rank;LlamaIndex;LoRA;NLP;Object Detection;PowerPoint;Recommendation Systems;Reinforcement Learning;Semantic Search;Time Series,low,
81,CAND_0006557,6.210358,0.2055,ml_depth:64.5;vector_hybrid_infrastructure:76.2,ml_depth:Kubeflow;vector_hybrid_infrastructure:Elasticsearch|OpenSearch,,,applied_ml,fine_atom_00,NLP Engineer,Paytm,evaluated_ranking_system;shipper_with_evaluation_depth,Agile;Data Science;Databricks;Elasticsearch;FAISS;Hugging Face Transformers;Information Retrieval;Kubeflow;LangChain;LlamaIndex;LoRA;OpenCV;OpenSearch;Pinecone;Qdrant;Vector Search;Vue.js;Weaviate,none,
82,CAND_0057563,6.206412,0.1209,ml_depth:80.6,ml_depth:Deep Learning,83,1,applied_ml,fine_atom_00,NLP Engineer,Locobuzz,evaluated_ranking_system;shipper_with_evaluation_depth,Deep Learning;Elasticsearch;Feature Engineering;Forecasting;Hugging Face Transformers;Machine Learning;OpenSearch;Prompt Engineering;QLoRA;RAG;Rust;SQL;Speech Recognition;Time Series,none,
83,CAND_0076831,6.196455,0.31475,retrieval_search:91.3;vector_hybrid_infrastructure:67.3,retrieval_search:BM25;vector_hybrid_infrastructure:Milvus,,,applied_ml,fine_atom_00,Search Engineer,Krutrim,evaluated_ranking_system;shipper_with_evaluation_depth,BM25;Fine-tuning LLMs;Forecasting;Kafka;LLMs;LlamaIndex;MLOps;Milvus;NLP;Project Management;PyTorch;Reinforcement Learning;SEO;TTS;Weaviate;YOLO,low,
84,CAND_0009837,6.191743,0.1428,python_engineering:81.6,python_engineering:scikit-learn,91,7,applied_ml,fine_atom_00,Senior Data Scientist,Rephrase.ai,evaluated_ranking_system;shipper_with_evaluation_depth,Computer Vision;FAISS;Haystack;Image Classification;LLMs;LangChain;Learning to Rank;PyTorch;Python;QLoRA;Qdrant;REST APIs;Six Sigma;Speech Recognition;TensorFlow;scikit-learn,low,
85,CAND_0026532,6.190305,0.0133,llm_finetuning:53.3,llm_finetuning:LoRA,61,-24,applied_ml,fine_atom_00,Recommendation Systems Engineer,Zomato,evaluated_ranking_system;shipper_with_evaluation_depth,BentoML;Embeddings;Excel;FAISS;Feature Engineering;Information Retrieval;LoRA;Milvus;PEFT;Pinecone;Prompt Engineering;Semantic Search;TTS;Time Series;TypeScript;pgvector,none,
86,CAND_0058688,6.185586,0.05845,python_engineering:66.7,python_engineering:scikit-learn,74,-12,applied_ml,fine_atom_00,AI Engineer,Vedantu,evaluated_ranking_system;shipper_with_evaluation_depth,CNN;Computer Vision;Diffusion Models;Embeddings;Image Classification;Information Retrieval;LlamaIndex;Machine Learning;Milvus;Object Detection;OpenCV;PostgreSQL;QLoRA;Semantic Search;Snowflake;TensorFlow;scikit-learn,none,
87,CAND_0032515,6.179632,0.259,retrieval_search:71.6;vector_hybrid_infrastructure:74.3,retrieval_search:Vector Search;vector_hybrid_infrastructure:Milvus|Vector Search,,,applied_ml,fine_atom_00,Machine Learning Engineer,PharmEasy,evaluated_ranking_system;shipper_with_evaluation_depth,BentoML;Deep Learning;ETL;Elasticsearch;Fine-tuning LLMs;MLflow;Machine Learning;Milvus;NLP;OpenCV;PyTorch;QLoRA;Salesforce CRM;Semantic Search;Vector Search,low,
88,CAND_0036437,6.178362,0.203,vector_hybrid_infrastructure:81.2,vector_hybrid_infrastructure:Elasticsearch|OpenSearch,,,applied_ml,fine_atom_00,Search Engineer,Rephrase.ai,evaluated_ranking_system,Accounting;Elasticsearch;FAISS;Feature Engineering;GANs;Go;Kubeflow;Milvus;OpenSearch;Sentence Transformers;Vector Search;Weaviate,low,
89,CAND_0099401,6.173552,0.0,,,64,-25,applied_ml,fine_atom_00,NLP Engineer,Dream11,evaluated_ranking_system;shipper_with_evaluation_depth,ASR;BM25;Deep Learning;Embeddings;GANs;Haystack;Information Retrieval;LlamaIndex;Photoshop;Python;Qdrant;Reinforcement Learning;Semantic Search;scikit-learn,none,
90,CAND_0074735,6.170253,0.089,retrieval_search:67.8,retrieval_search:RAG,86,-4,applied_ml,fine_atom_00,Applied ML Engineer,Rephrase.ai,production_embeddings_retrieval;production_vector_or_hybrid_search;shipper_with_evaluation_depth,ASR;BentoML;Elasticsearch;GANs;Hadoop;Information Retrieval;Kubeflow;Learning to Rank;LlamaIndex;Machine Learning;Object Detection;Project Management;Prompt Engineering;RAG;Semantic Search;TensorFlow;TypeScript;Vector Search;Weaviate;YOLO,none,
91,CAND_0013536,6.169463,0.0,,,66,-25,applied_ml,fine_atom_00,Applied ML Engineer,Haptik,evaluated_ranking_system;shipper_with_evaluation_depth,Computer Vision;Content Writing;Elasticsearch;Embeddings;FAISS;Hadoop;Image Classification;LLMs;LlamaIndex;MLOps;Milvus;NLP;Pinecone;Prompt Engineering;PyTorch;QLoRA;Vector Search;Weights & Biases,low,
92,CAND_0044222,6.165473,0.041333,retrieval_search:52.4;vector_hybrid_infrastructure:52.4,retrieval_search:Vector Search;vector_hybrid_infrastructure:Vector Search,78,-14,applied_ml,fine_atom_00,AI Engineer,PolicyBazaar,evaluated_ranking_system;shipper_with_evaluation_depth,ASR;BM25;Content Writing;Deep Learning;Diffusion Models;Feature Engineering;Fine-tuning LLMs;Hadoop;Hugging Face Transformers;Java;LangChain;LlamaIndex;NLP;OpenSearch;QLoRA;Qdrant;Time Series;Vector Search;Weaviate,none,
93,CAND_0091909,6.160408,0.0,,,69,-24,applied_ml,fine_atom_00,Machine Learning Engineer,Rephrase.ai,evaluated_ranking_system;shipper_with_evaluation_depth,BentoML;Diffusion Models;Hugging Face Transformers;Image Classification;LLMs;LangChain;Learning to Rank;MLflow;OpenSearch;Pinecone;QLoRA;Qdrant;Sentence Transformers;scikit-learn,none,
94,CAND_0066999,6.159109,0.22575,vector_hybrid_infrastructure:90.3,vector_hybrid_infrastructure:FAISS|OpenSearch|Pinecone,,,applied_ml,fine_atom_00,Recommendation Systems Engineer,Microsoft,evaluated_ranking_system,ASR;BM25;CNN;Embeddings;Excel;FAISS;Image Classification;Information Retrieval;JavaScript;LLMs;Machine Learning;Node.js;OpenSearch;Pinecone;Statistical Modeling,none,
95,CAND_0081852,6.15739,0.0,,,70,-25,applied_ml,fine_atom_00,Senior Data Scientist,Mad Street Den,production_embeddings_retrieval;production_vector_or_hybrid_search;shipper_with_evaluation_depth,BentoML;CNN;Computer Vision;Haystack;LoRA;MLOps;Milvus;Salesforce CRM;Semantic Search;Speech Recognition;TTS;Vector Search;Weaviate;pgvector,none,
96,CAND_0083307,6.154662,0.0,,,71,-25,applied_ml,fine_atom_00,Search Engineer,CRED,evaluated_ranking_system;production_embeddings_retrieval;production_vector_or_hybrid_search;shipper_with_evaluation_depth,Data Science;Deep Learning;Embeddings;GCP;Image Classification;Learning to Rank;MLflow;OpenCV;PEFT;Pinecone;Python;QLoRA;Semantic Search;Vector Search;Weaviate;Weights & Biases;pgvector;scikit-learn,none,
97,CAND_0054394,6.148725,0.0,,,73,-24,applied_ml,fine_atom_00,Recommendation Systems Engineer,PharmEasy,evaluated_ranking_system,ASR;Data Science;Embeddings;Fine-tuning LLMs;Forecasting;Haystack;Hugging Face Transformers;Java;MLflow;Machine Learning;Next.js;Node.js;Pinecone;Prompt Engineering;Time Series;scikit-learn,low,
98,CAND_0087364,6.138035,0.2403,ml_depth:67.1;vector_hybrid_infrastructure:78.9,ml_depth:Deep Learning;vector_hybrid_infrastructure:Milvus|Qdrant,,,applied_ml,fine_atom_00,Recommendation Systems Engineer,Glance,evaluated_ranking_system;shipper_with_evaluation_depth,Data Science;Deep Learning;Diffusion Models;Docker;Elasticsearch;LlamaIndex;Milvus;Object Detection;OpenSearch;Pinecone;Qdrant;RAG;Speech Recognition;Time Series;TypeScript;scikit-learn,low,
99,CAND_0078042,6.137683,0.12825,embeddings:55.3;ml_depth:55.3;vector_hybrid_infrastructure:67.7,embeddings:Sentence Transformers;ml_depth:Sentence Transformers;vector_hybrid_infrastructure:OpenSearch,,,applied_ml,fine_atom_00,Applied ML Engineer,PolicyBazaar,evaluated_ranking_system;shipper_with_evaluation_depth,CNN;Diffusion Models;Figma;NLP;Object Detection;OpenCV;OpenSearch;Pinecone;PyTorch;QLoRA;Semantic Search;Sentence Transformers;TTS;Tally,low,
100,CAND_0076904,6.137364,0.05595,llm_finetuning:55;ml_depth:57.5;ranking_recommendation_matching:52.3,llm_finetuning:PEFT;ml_depth:Deep Learning;ranking_recommendation_matching:Recommendation Systems,89,-11,applied_ml,fine_atom_00,Senior Data Scientist,Nykaa,evaluated_ranking_system,ASR;BentoML;CNN;Deep Learning;GANs;Hugging Face Transformers;Information Retrieval;LLMs;MLOps;Machine Learning;NLP;OpenSearch;PEFT;Recommendation Systems;Speech Recognition;Vector Search;Weaviate;scikit-learn,low,
