final_rank,candidate_id,mean_score,assessment_group,assessment_score_raw,assessment_score_normalized,assessment_signal_scores,frozen_top100_rank,absolute_top100_rank,summary_archetype,fine_static_atom,current_title,current_company,career_compounds,skill_names,integrity_risk_level,honeypot_proxy_rules
1,CAND_0088025,8.114614,senior_pooled,0.36465,0.3,llm_finetuning:87.1;vector_hybrid_infrastructure:93.6,1,1,senior_explicit_ai,fine_atom_01,Staff Machine Learning Engineer,Yellow.ai,end_to_end_intelligence_ownership;evaluated_ranking_system;production_embeddings_retrieval;production_vector_or_hybrid_search;shipper_with_evaluation_depth,BM25;Deep Learning;Elasticsearch;Flask;Hugging Face Transformers;LLMs;Learning to Rank;LoRA;MLOps;NLP;Pinecone;Prompt Engineering;Python;QLoRA;RAG;SAP;TensorFlow;YOLO;pgvector,none,
2,CAND_0086022,7.900224,senior_pooled,0.5,0.3,ml_depth:79.9;ranking_recommendation_matching:79.3;retrieval_search:92.7;vector_hybrid_infrastructure:92.7,7,4,senior_explicit_ai,fine_atom_04,Senior Applied Scientist,Sarvam AI,end_to_end_intelligence_ownership;evaluated_ranking_system;production_embeddings_retrieval;production_vector_or_hybrid_search;shipper_with_evaluation_depth,Databricks;Deep Learning;ETL;Elasticsearch;Embeddings;Fine-tuning LLMs;Kubeflow;LangChain;LoRA;MLflow;NLP;Pinecone;PyTorch;QLoRA;Recommendation Systems;Sentence Transformers;TensorFlow;Vector Search;pgvector,low,
3,CAND_0030468,7.872021,senior_pooled,0.5,0.3,embeddings:97;ml_depth:97;retrieval_search:80.5,10,5,senior_plain_language,fine_atom_05,Senior Applied Scientist,Swiggy,end_to_end_intelligence_ownership;evaluated_ranking_system;shipper_with_evaluation_depth,CNN;Computer Vision;Content Matching;Diffusion Models;Information Retrieval Systems;Machine Learning;Milvus;Model Adaptation;OpenSearch;Ranking Systems;Recommendation Systems;Search & Discovery;TensorFlow;Text Encoders,low,
4,CAND_0005538,7.823963,senior_pooled,0.209025,0.200661,embeddings:92.9,8,8,senior_plain_language,fine_atom_05,Senior AI Engineer,Adobe,end_to_end_intelligence_ownership;evaluated_ranking_system;shipper_with_evaluation_depth,ASR;Apache Flink;Content Matching;Data Science;Deep Learning;Feature Engineering;Haystack;Information Retrieval Systems;LoRA;Natural Language Processing;Project Management;PyTorch;Python;QLoRA;Statistical Modeling;TTS;Vector Representations;Workflow Orchestration;pgvector,none,
5,CAND_0039754,7.797942,senior_pooled,0.323,-0.077252,llm_finetuning:96.5;ml_depth:80.5;vector_hybrid_infrastructure:61.5,2,3,senior_explicit_ai,fine_atom_01,Senior Applied Scientist,Meta,end_to_end_intelligence_ownership;evaluated_ranking_system;production_embeddings_retrieval;production_vector_or_hybrid_search;shipper_with_evaluation_depth,ASR;BM25;CI/CD;Deep Learning;Elasticsearch;Fine-tuning LLMs;Kubeflow;LLMs;LlamaIndex;Machine Learning;NLP;OpenSearch;Python;Qdrant;Reinforcement Learning;Speech Recognition;Statistical Modeling;TensorFlow;Weaviate;pgvector,low,
6,CAND_0080766,7.717762,senior_pooled,0.21125,0.092025,vector_hybrid_infrastructure:84.5,12,10,senior_plain_language,fine_atom_05,Staff Machine Learning Engineer,Salesforce,end_to_end_intelligence_ownership;evaluated_ranking_system;production_embeddings_retrieval;production_vector_or_hybrid_search;shipper_with_evaluation_depth,ASR;Computer Vision;Deep Learning;Elasticsearch;Information Retrieval Systems;LoRA;MLOps;MLflow;Milvus;Natural Language Processing;Open-source ML libraries;OpenSearch;Python;QLoRA;Search & Discovery;Search Backend;Search Infrastructure;Tally;TensorFlow;Vue.js;YOLO,none,
7,CAND_0006567,7.692091,senior_pooled,0.420175,-0.15,embeddings:64.4;llm_finetuning:88.7;python_engineering:89.9;vector_hybrid_infrastructure:63,3,2,senior_plain_language,fine_atom_05,Senior AI Engineer,Meta,end_to_end_intelligence_ownership;evaluated_ranking_system;shipper_with_evaluation_depth,BM25;Content Matching;Data Science;Feature Engineering;GANs;Haystack;Kubernetes;Model Adaptation;NLP;Prompt Engineering;Python;Ranking Systems;Recommendation Systems;Search & Discovery;Search Backend;Speech Recognition;Text Encoders;Vector Representations;Workflow Orchestration;scikit-learn,none,
8,CAND_0008425,7.68135,senior_pooled,0.1602,-0.011168,ranking_recommendation_matching:77.8,6,9,senior_explicit_ai,fine_atom_10,Senior NLP Engineer,Ola,end_to_end_intelligence_ownership;evaluated_ranking_system;production_embeddings_retrieval;production_vector_or_hybrid_search;shipper_with_evaluation_depth,Haystack;Hugging Face Transformers;Image Classification;Information Retrieval;Learning to Rank;LoRA;NLP;Object Detection;Prompt Engineering;Python;Qdrant;Recommendation Systems;Semantic Search;Sentence Transformers;TensorFlow;Weights & Biases;pgvector,none,
9,CAND_0068351,7.668208,senior_pooled,0.0,0.0,,9,13,senior_plain_language,fine_atom_05,Lead AI Engineer,Sarvam AI,evaluated_ranking_system,Deep Learning;Elasticsearch;Feature Engineering;GANs;Haystack;Information Retrieval Systems;LoRA;Machine Learning;NLP;Open-source ML libraries;PEFT;Python;Qdrant;Ranking Systems;Redis;Search Backend;Spring Boot;Text Encoders;pgvector,none,
10,CAND_0037980,7.668042,senior_pooled,0.328,-0.15,llm_finetuning:74;retrieval_search:72.2;vector_hybrid_infrastructure:72.2,4,6,senior_plain_language,fine_atom_05,Senior Applied Scientist,Niramai,end_to_end_intelligence_ownership;evaluated_ranking_system;shipper_with_evaluation_depth,BM25;BentoML;Document Processing;Feature Engineering;Haystack;Indexing Algorithms;Information Retrieval Systems;LoRA;Model Adaptation;NLP;OpenCV;Prompt Engineering;PyTorch;QLoRA;Recommendation Systems;Search Infrastructure;TTS;Text Encoders;Weights & Biases;pgvector;scikit-learn,none,
11,CAND_0005260,7.651217,senior_pooled,0.0,0.0,,11,16,senior_explicit_ai,fine_atom_08,Senior NLP Engineer,Netflix,end_to_end_intelligence_ownership;evaluated_ranking_system;production_embeddings_retrieval;production_vector_or_hybrid_search;shipper_with_evaluation_depth,Deep Learning;Embeddings;Haystack;Hugging Face Transformers;Information Retrieval;Kubeflow;LoRA;MLOps;MLflow;NLP;Prompt Engineering;Python;RAG;Semantic Search;Snowflake;Speech Recognition;Statistical Modeling;pgvector,low,
12,CAND_0081846,7.605999,senior_pooled,0.074,-0.15,retrieval_search:64.8,5,11,senior_explicit_ai,fine_atom_04,Lead AI Engineer,Razorpay,end_to_end_intelligence_ownership;evaluated_ranking_system;production_embeddings_retrieval;production_vector_or_hybrid_search;shipper_with_evaluation_depth,BM25;Data Science;Deep Learning;Elasticsearch;Embeddings;Forecasting;Information Retrieval;Learning to Rank;LlamaIndex;Machine Learning;PyTorch;Python;Qdrant;Recommendation Systems;Semantic Search;Vector Search;pgvector;scikit-learn,none,
13,CAND_0046525,7.548667,senior_pooled,0.38305,-0.137631,ml_depth:86.7;retrieval_search:66.4;vector_hybrid_infrastructure:77.1,13,7,senior_explicit_ai,fine_atom_11,Senior Machine Learning Engineer,Genpact AI,end_to_end_intelligence_ownership;evaluated_ranking_system;production_embeddings_retrieval;production_vector_or_hybrid_search;shipper_with_evaluation_depth,Elasticsearch;Forecasting;Image Classification;Information Retrieval;LLMs;LangChain;LlamaIndex;Machine Learning;NLP;Qdrant;Redux;Sentence Transformers;TTS;TensorFlow;Weights & Biases;YOLO;pgvector,none,
14,CAND_0046064,7.521992,senior_pooled,0.04935,-0.15,python_engineering:64.1,14,15,senior_explicit_ai,fine_atom_08,Senior NLP Engineer,Salesforce,end_to_end_intelligence_ownership;evaluated_ranking_system;production_embeddings_retrieval;production_vector_or_hybrid_search;shipper_with_evaluation_depth,BM25;Deep Learning;Diffusion Models;Elasticsearch;Haystack;Image Classification;OpenCV;OpenSearch;PEFT;Pinecone;Python;QLoRA;Semantic Search;Six Sigma;TTS;YOLO,none,
15,CAND_0094759,7.484991,senior_pooled,0.23625,-0.15,ml_depth:80.5;python_engineering:65.9;ranking_recommendation_matching:63.3,15,12,senior_explicit_ai,fine_atom_01,Lead AI Engineer,Meta,end_to_end_intelligence_ownership;evaluated_ranking_system;production_embeddings_retrieval;production_vector_or_hybrid_search;shipper_with_evaluation_depth,Agile;FAISS;Fine-tuning LLMs;Hugging Face Transformers;Learning to Rank;MLOps;NLP;Object Detection;Prompt Engineering;Qdrant;Semantic Search;TTS;Vector Search;Weaviate;Weights & Biases;scikit-learn,none,
16,CAND_0077337,7.392213,senior_pooled,0.066,-0.15,retrieval_search:63.2,16,17,senior_explicit_ai,fine_atom_03,Staff Machine Learning Engineer,Paytm,end_to_end_intelligence_ownership;evaluated_ranking_system;production_embeddings_retrieval;production_vector_or_hybrid_search;shipper_with_evaluation_depth,BM25;Data Science;Excel;Feature Engineering;Forecasting;GANs;Information Retrieval;LLMs;LlamaIndex;OpenCV;OpenSearch;Pinecone;Python;QLoRA;Qdrant;RAG;Recommendation Systems;Semantic Search;Sentence Transformers;pgvector,none,
17,CAND_0041611,7.3657,senior_pooled,0.0,0.0,,17,19,senior_explicit_ai,fine_atom_04,Staff Machine Learning Engineer,Locobuzz,end_to_end_intelligence_ownership;evaluated_ranking_system;production_embeddings_retrieval;production_vector_or_hybrid_search;shipper_with_evaluation_depth,BM25;Deep Learning;Diffusion Models;Fine-tuning LLMs;GANs;LangChain;LlamaIndex;MLOps;NLP;OpenSearch;Prompt Engineering;PyTorch;QLoRA;Qdrant;Sentence Transformers;Weaviate;Weights & Biases;pgvector,low,
18,CAND_0093193,7.223482,senior_pooled,0.46135,-0.15,embeddings:73.1;ml_depth:73.1;ranking_recommendation_matching:86.6;vector_hybrid_infrastructure:64,18,14,senior_plain_language,fine_atom_05,Senior Machine Learning Engineer,Niramai,evaluated_ranking_system,ASR;Content Matching;Forecasting;GANs;Haystack;Indexing Algorithms;Information Retrieval Systems;Machine Learning;Open-source ML libraries;OpenSearch;Qdrant;Ranking Systems;Search & Discovery;Search Backend;Statistical Modeling;TensorFlow;Text Encoders;Vector Representations;scikit-learn,none,
19,CAND_0061257,7.210346,senior_pooled,0.0585,-0.085069,llm_finetuning:69.5,19,20,senior_plain_language,fine_atom_05,Staff Machine Learning Engineer,LinkedIn,evaluated_ranking_system,ETL;Feature Engineering;Haystack;Image Classification;Indexing Algorithms;Information Retrieval Systems;Machine Learning;Model Adaptation;PEFT;Python;Search Backend;Search Infrastructure;TTS;Time Series;Vector Representations;Workflow Orchestration,none,
20,CAND_0060072,7.145223,senior_pooled,0.17385,-0.15,embeddings:61.7;ml_depth:80.8,20,18,senior_explicit_ai,fine_atom_03,Staff Machine Learning Engineer,Amazon,evaluated_ranking_system;shipper_with_evaluation_depth,ASR;BM25;Deep Learning;Embeddings;Feature Engineering;Fine-tuning LLMs;Kubeflow;Machine Learning;Milvus;Next.js;Pinecone;Prompt Engineering;PyTorch;Qdrant;RAG;Recommendation Systems;Redux;Reinforcement Learning;Sentence Transformers;YOLO,low,
21,CAND_0092278,6.980637,senior_pooled,0.0,0.0,,21,21,senior_explicit_ai,fine_atom_03,Senior NLP Engineer,Microsoft,end_to_end_intelligence_ownership;evaluated_ranking_system;production_embeddings_retrieval;production_vector_or_hybrid_search;shipper_with_evaluation_depth,Elasticsearch;GANs;Hugging Face Transformers;LLMs;MLflow;Machine Learning;Milvus;NLP;Object Detection;PEFT;QLoRA;Semantic Search;TensorFlow;Time Series;Vector Search;gRPC;pgvector,none,
22,CAND_0079387,6.584039,applied_ml,0.5,0.3,embeddings:85.8;ml_depth:85.8;python_engineering:66.5;ranking_recommendation_matching:84.4,24,22,applied_ml,fine_atom_00,AI Engineer,Microsoft,evaluated_ranking_system;production_embeddings_retrieval;production_vector_or_hybrid_search;shipper_with_evaluation_depth,ASR;BM25;BentoML;Haystack;Illustrator;JavaScript;Kubeflow;Learning to Rank;LoRA;Next.js;OpenSearch;Python;QLoRA;Recommendation Systems;Reinforcement Learning;Sentence Transformers;Time Series;Vector Search;YOLO;scikit-learn,none,
23,CAND_0051004,6.579855,applied_ml,0.3824,0.3,embeddings:90.4;retrieval_search:77.9,25,26,applied_ml,fine_atom_00,Senior Data Scientist,CRED,production_embeddings_retrieval;production_vector_or_hybrid_search;shipper_with_evaluation_depth,ASR;BentoML;BigQuery;Docker;Embeddings;Fine-tuning LLMs;Forecasting;Haystack;LlamaIndex;LoRA;MLOps;MLflow;PEFT;Prompt Engineering;PyTorch;Qdrant;Reinforcement Learning;Semantic Search;Vector Search;gRPC,low,
24,CAND_0037944,6.543558,applied_ml,0.5,0.3,llm_finetuning:88.8;ml_depth:90.6;retrieval_search:91.6;vector_hybrid_infrastructure:91.6,27,23,applied_ml,fine_atom_00,Senior Data Scientist,Vedantu,evaluated_ranking_system;production_embeddings_retrieval;production_vector_or_hybrid_search;shipper_with_evaluation_depth,ASR;Apache Flink;BM25;CNN;Embeddings;Feature Engineering;LLMs;LlamaIndex;Machine Learning;NLP;Next.js;OpenSearch;PEFT;Python;QLoRA;Sentence Transformers;Terraform;Vector Search,low,
25,CAND_0084819,6.516693,applied_ml,0.5,0.3,ranking_recommendation_matching:89.4;retrieval_search:77.4;vector_hybrid_infrastructure:82.8,34,24,applied_ml,fine_atom_00,Search Engineer,Dream11,evaluated_ranking_system;production_embeddings_retrieval;production_vector_or_hybrid_search;shipper_with_evaluation_depth,BM25;Docker;GCP;Information Retrieval;LlamaIndex;LoRA;MLOps;MLflow;OpenSearch;PyTorch;Recommendation Systems;Reinforcement Learning;Semantic Search;Sentence Transformers;Speech Recognition;Weaviate;scikit-learn,low,
26,CAND_0096142,6.474638,applied_ml,0.35195,0.3,llm_finetuning:91.8;vector_hybrid_infrastructure:85.7,43,28,applied_ml,fine_atom_00,Applied ML Engineer,upGrad,evaluated_ranking_system;shipper_with_evaluation_depth,BM25;BentoML;CNN;CSS;Hugging Face Transformers;Kubeflow;LoRA;NLP;OpenCV;Pinecone;Python;RAG;Weaviate;Weights & Biases;dbt,none,
27,CAND_0041669,6.43276,applied_ml,0.20925,0.167918,vector_hybrid_infrastructure:83.7,31,34,applied_ml,fine_atom_00,Recommendation Systems Engineer,CRED,evaluated_ranking_system;production_embeddings_retrieval;production_vector_or_hybrid_search;shipper_with_evaluation_depth,ASR;Diffusion Models;FAISS;Flask;Haystack;Information Retrieval;MLOps;MLflow;Machine Learning;Milvus;PEFT;Prompt Engineering;QLoRA;Qdrant;Semantic Search;Time Series;TypeScript;Vue.js;Weaviate;Weights & Biases,none,
28,CAND_0054123,6.397378,applied_ml,0.161,0.199769,python_engineering:92,46,54,applied_ml,fine_atom_00,Applied ML Engineer,Meta,evaluated_ranking_system;shipper_with_evaluation_depth,Fine-tuning LLMs;Hugging Face Transformers;LLMs;LangChain;Python;Qdrant;Reinforcement Learning;SEO;Semantic Search;Speech Recognition;Tailwind;Vector Search;Weaviate;Weights & Biases;pgvector,low,
29,CAND_0075249,6.389291,applied_ml,0.5,0.153142,embeddings:80.7;llm_finetuning:57.6;ml_depth:80.7;vector_hybrid_infrastructure:77.9,40,25,applied_ml,fine_atom_00,Applied ML Engineer,Zomato,evaluated_ranking_system;shipper_with_evaluation_depth,ASR;BM25;Diffusion Models;Fine-tuning LLMs;Hadoop;Haystack;Kubeflow;Learning to Rank;MLflow;Machine Learning;Milvus;Pinecone;Sentence Transformers;Time Series,none,
30,CAND_0074225,6.377596,applied_ml,0.26125,0.075901,ranking_recommendation_matching:58.5;retrieval_search:89.2,29,29,applied_ml,fine_atom_00,Machine Learning Engineer,Unacademy,evaluated_ranking_system;production_embeddings_retrieval;production_vector_or_hybrid_search;shipper_with_evaluation_depth,ASR;Apache Beam;CI/CD;Elasticsearch;Haystack;Hugging Face Transformers;Machine Learning;Milvus;Python;QLoRA;Qdrant;Recommendation Systems;Semantic Search;Statistical Modeling;Time Series;Vector Search;scikit-learn,low,
31,CAND_0042029,6.375371,applied_ml,0.29305,0.163939,ml_depth:82.7;retrieval_search:76.9,45,33,applied_ml,fine_atom_00,Senior Data Scientist,Flipkart,evaluated_ranking_system;production_embeddings_retrieval;production_vector_or_hybrid_search;shipper_with_evaluation_depth,Deep Learning;Elasticsearch;Embeddings;Feature Engineering;Haystack;Hugging Face Transformers;Image Classification;Learning to Rank;NLP;OpenSearch;PyTorch;RAG;REST APIs;Speech Recognition;Statistical Modeling;TypeScript;Weaviate;YOLO,none,
32,CAND_0007009,6.369653,applied_ml,0.0,0.0,,23,53,applied_ml,fine_atom_00,Recommendation Systems Engineer,Wysa,production_embeddings_retrieval;production_vector_or_hybrid_search;shipper_with_evaluation_depth,BM25;CNN;Data Science;ETL;Embeddings;Forecasting;Haystack;LLMs;Learning to Rank;LoRA;OpenSearch;PEFT;Python;QLoRA;Sentence Transformers;Statistical Modeling;Weaviate;Weights & Biases,none,
33,CAND_0061265,6.365413,applied_ml,0.2135,0.191977,vector_hybrid_infrastructure:85.4,53,49,applied_ml,fine_atom_00,Recommendation Systems Engineer,Zoho,evaluated_ranking_system,Accounting;Computer Vision;Django;Embeddings;Hugging Face Transformers;LangChain;Learning to Rank;Milvus;Object Detection;Prompt Engineering;QLoRA;Qdrant;Reinforcement Learning;SQL;Time Series;Vector Search,none,
34,CAND_0006418,6.360112,applied_ml,0.422525,0.3,embeddings:88.9;retrieval_search:89,75,36,applied_ml,fine_atom_00,Machine Learning Engineer,Verloop.io,evaluated_ranking_system;shipper_with_evaluation_depth,Diffusion Models;Elasticsearch;Embeddings;Forecasting;Kubernetes;Learning to Rank;MLflow;Object Detection;OpenSearch;Qdrant;Semantic Search;Snowflake;TensorFlow;Time Series;Weaviate;gRPC,low,
35,CAND_0027691,6.345336,applied_ml,0.4356,0.056854,llm_finetuning:86.9;python_engineering:64.2;ranking_recommendation_matching:63.9;vector_hybrid_infrastructure:79.3,32,27,applied_ml,fine_atom_00,NLP Engineer,Haptik,evaluated_ranking_system,Computer Vision;Embeddings;Learning to Rank;LoRA;MLflow;Marketing;PEFT;Python;QLoRA;Recommendation Systems;SAP;Semantic Search;Statistical Modeling;TTS;TensorFlow;Weaviate;scikit-learn,none,
36,CAND_0052328,6.344455,applied_ml,0.2066,0.028356,llm_finetuning:85.4;vector_hybrid_infrastructure:65.7,28,32,applied_ml,fine_atom_00,Recommendation Systems Engineer,Amazon,production_embeddings_retrieval;production_vector_or_hybrid_search;shipper_with_evaluation_depth,ASR;Computer Vision;Fine-tuning LLMs;Image Classification;Learning to Rank;LoRA;Object Detection;OpenSearch;Python;QLoRA;Recommendation Systems;Reinforcement Learning;Sentence Transformers;Vector Search;YOLO;scikit-learn,none,
37,CAND_0028793,6.336063,applied_ml,0.249975,0.172056,embeddings:88.7;ml_depth:66.8,58,47,applied_ml,fine_atom_00,Search Engineer,Google,evaluated_ranking_system;production_embeddings_retrieval;production_vector_or_hybrid_search;shipper_with_evaluation_depth,Embeddings;Haystack;Information Retrieval;Kubeflow;Learning to Rank;LoRA;NLP;PEFT;PowerPoint;PyTorch;QLoRA;SAP;Weights & Biases;YOLO;pgvector,none,
38,CAND_0075439,6.3338,applied_ml,0.231975,0.095631,llm_finetuning:63.8;ranking_recommendation_matching:84.7,42,37,applied_ml,fine_atom_00,Machine Learning Engineer,Flipkart,evaluated_ranking_system;production_embeddings_retrieval;production_vector_or_hybrid_search;shipper_with_evaluation_depth,ASR;Elasticsearch;Embeddings;Feature Engineering;Information Retrieval;JavaScript;Learning to Rank;LoRA;MLflow;OpenSearch;Semantic Search;Vector Search,low,
39,CAND_0064270,6.328342,applied_ml,0.0,0.0,,26,61,applied_ml,fine_atom_00,Applied ML Engineer,Verloop.io,evaluated_ranking_system;shipper_with_evaluation_depth,Angular;BM25;BentoML;Elasticsearch;Embeddings;Haystack;Hugging Face Transformers;Kubeflow;Learning to Rank;LlamaIndex;Machine Learning;Microservices;OpenSearch;PEFT;PyTorch;React;Sentence Transformers;YOLO,low,
40,CAND_0093912,6.315856,applied_ml,0.154,0.050451,vector_hybrid_infrastructure:75.4,39,48,applied_ml,fine_atom_00,Senior Data Scientist,Razorpay,evaluated_ranking_system,CNN;Elasticsearch;Embeddings;FastAPI;Feature Engineering;Forecasting;Haystack;Learning to Rank;Milvus;Recommendation Systems;SAP;Sales;Vector Search,none,
41,CAND_0009024,6.301049,applied_ml,0.4605,0.3,llm_finetuning:89.8;ml_depth:80.7;vector_hybrid_infrastructure:81.9,93,40,applied_ml,fine_atom_00,Search Engineer,Google,evaluated_ranking_system;shipper_with_evaluation_depth,Airflow;CSS;FAISS;LlamaIndex;LoRA;MLOps;MLflow;Machine Learning;OpenSearch;PEFT;PyTorch;Qdrant;Recommendation Systems;TTS;YOLO;dbt,low,
42,CAND_0011162,6.299817,applied_ml,0.0,0.0,,33,65,applied_ml,fine_atom_00,Recommendation Systems Engineer,upGrad,evaluated_ranking_system;shipper_with_evaluation_depth,CNN;Django;Embeddings;FAISS;Kubeflow;LangChain;LoRA;Milvus;OpenSearch;PEFT;Pinecone;Python;Sentence Transformers;Vector Search;Weaviate;Weights & Biases;gRPC,low,
43,CAND_0056881,6.297879,applied_ml,0.3536,0.3,ml_depth:83.4;vector_hybrid_infrastructure:91.4,96,56,applied_ml,fine_atom_00,Machine Learning Engineer,Zomato,evaluated_ranking_system;shipper_with_evaluation_depth,BentoML;Deep Learning;Elasticsearch;Excel;Hugging Face Transformers;Information Retrieval;Kubeflow;Learning to Rank;Pinecone;PyTorch;Salesforce CRM;TTS;Vector Search;scikit-learn,low,
44,CAND_0065195,6.296763,applied_ml,0.0,0.0,,35,66,applied_ml,fine_atom_00,Search Engineer,CRED,production_embeddings_retrieval;production_vector_or_hybrid_search;shipper_with_evaluation_depth,BentoML;Diffusion Models;Django;Elasticsearch;Hugging Face Transformers;LLMs;Learning to Rank;LlamaIndex;MLOps;QLoRA;Qdrant;pgvector;scikit-learn,low,
45,CAND_0043228,6.288665,applied_ml,0.1245,0.094806,ml_depth:83,56,62,applied_ml,fine_atom_00,Applied ML Engineer,Zoho,evaluated_ranking_system,ASR;BigQuery;FastAPI;Haystack;Hugging Face Transformers;Image Classification;Kubeflow;Learning to Rank;Machine Learning;NLP;OpenSearch;React;Sentence Transformers;TTS;Vector Search;Weaviate;YOLO;pgvector,none,
46,CAND_0030348,6.284658,applied_ml,0.0,0.0,,37,68,applied_ml,fine_atom_00,Machine Learning Engineer,BYJU'S,evaluated_ranking_system;shipper_with_evaluation_depth,Deep Learning;Elasticsearch;Embeddings;GANs;Haystack;LlamaIndex;MLOps;Marketing;OpenCV;PyTorch;Python;Redis;Spring Boot;TTS;Vector Search;pgvector,low,
47,CAND_0005649,6.280074,applied_ml,0.0,0.0,,38,69,applied_ml,fine_atom_00,Senior Data Scientist,Sarvam AI,evaluated_ranking_system;production_embeddings_retrieval;production_vector_or_hybrid_search;shipper_with_evaluation_depth,Deep Learning;Fine-tuning LLMs;Haystack;Information Retrieval;Kubeflow;Microservices;Object Detection;OpenCV;Prompt Engineering;QLoRA;RAG;Recommendation Systems;Redis;Semantic Search;TensorFlow;Weaviate;scikit-learn,none,
48,CAND_0044855,6.277092,applied_ml,0.36705,0.0606,ml_depth:79.9;ranking_recommendation_matching:63.7;vector_hybrid_infrastructure:78.6,50,30,applied_ml,fine_atom_00,Senior Data Scientist,Flipkart,evaluated_ranking_system;production_embeddings_retrieval;production_vector_or_hybrid_search;shipper_with_evaluation_depth,BentoML;Data Science;Embeddings;Forecasting;Hugging Face Transformers;Image Classification;Information Retrieval;Learning to Rank;Machine Learning;NLP;Object Detection;OpenSearch;Pinecone;QLoRA;Qdrant;Statistical Modeling;Vector Search,none,
49,CAND_0095528,6.271148,applied_ml,0.28075,0.082503,retrieval_search:86.7;vector_hybrid_infrastructure:62.8,57,41,applied_ml,fine_atom_00,Senior Data Scientist,Netflix,evaluated_ranking_system;shipper_with_evaluation_depth,CNN;Elasticsearch;Feature Engineering;Fine-tuning LLMs;GANs;MLOps;OpenSearch;PyTorch;Python;Qdrant;RAG;Semantic Search;Vector Search;pgvector;scikit-learn,none,
50,CAND_0068811,6.26611,applied_ml,0.042,-0.15,retrieval_search:52.6;vector_hybrid_infrastructure:52.6,22,43,applied_ml,fine_atom_00,Applied ML Engineer,Freshworks,evaluated_ranking_system;production_embeddings_retrieval;production_vector_or_hybrid_search;shipper_with_evaluation_depth,Agile;Data Science;Embeddings;Haystack;Kubeflow;OpenSearch;PEFT;Pinecone;Qdrant;React;Speech Recognition;TTS;TensorFlow;Time Series;Vector Search;Weaviate;gRPC;pgvector;scikit-learn,none,
51,CAND_0032807,6.261984,applied_ml,0.35805,0.3,python_engineering:79.4;vector_hybrid_infrastructure:88.9,,64,applied_ml,fine_atom_00,Machine Learning Engineer,CRED,production_embeddings_retrieval;production_vector_or_hybrid_search;shipper_with_evaluation_depth,Content Writing;Data Science;Deep Learning;Fine-tuning LLMs;GANs;Hugging Face Transformers;LLMs;LangChain;LoRA;Marketing;Milvus;Object Detection;OpenCV;OpenSearch;Python;Sentence Transformers;TTS;scikit-learn,low,
52,CAND_0096172,6.257012,applied_ml,0.0,0.0,,44,74,applied_ml,fine_atom_00,NLP Engineer,Krutrim,evaluated_ranking_system;shipper_with_evaluation_depth,CNN;Elasticsearch;Fine-tuning LLMs;Forecasting;GraphQL;Haystack;Hugging Face Transformers;LangChain;OpenSearch;Python;Qdrant;RAG;Semantic Search;Sentence Transformers;Time Series,none,
53,CAND_0087630,6.254533,applied_ml,0.0795,-0.083999,vector_hybrid_infrastructure:65.9,30,50,applied_ml,fine_atom_00,AI Engineer,Vedantu,evaluated_ranking_system;shipper_with_evaluation_depth,ASR;BM25;Data Science;Deep Learning;Elasticsearch;Embeddings;Feature Engineering;Flask;GANs;Hugging Face Transformers;Learning to Rank;NLP;OpenSearch;QLoRA;Sentence Transformers;Tally;Weights & Biases;pgvector,none,
54,CAND_0047721,6.25326,applied_ml,0.5,0.3,ranking_recommendation_matching:82.8;retrieval_search:87.8;vector_hybrid_infrastructure:73.6,,45,applied_ml,fine_atom_00,Senior Data Scientist,Microsoft,evaluated_ranking_system;shipper_with_evaluation_depth,BM25;Diffusion Models;FAISS;Forecasting;Image Classification;Information Retrieval;Learning to Rank;MLOps;Machine Learning;Milvus;NLP;OpenCV;Photoshop;Qdrant;RAG;Redux;Salesforce CRM,none,
55,CAND_0031593,6.251716,applied_ml,0.0,0.0,,47,76,applied_ml,fine_atom_00,Search Engineer,Genpact AI,evaluated_ranking_system;production_embeddings_retrieval;production_vector_or_hybrid_search;shipper_with_evaluation_depth,ASR;BM25;BentoML;CNN;Elasticsearch;Embeddings;GCP;HTML;Haystack;Hugging Face Transformers;Java;LangChain;OpenCV;Recommendation Systems;Statistical Modeling;Weights & Biases,none,
56,CAND_0099806,6.250414,applied_ml,0.057,-0.024076,llm_finetuning:69,41,63,applied_ml,fine_atom_00,AI Engineer,Mad Street Den,evaluated_ranking_system;shipper_with_evaluation_depth,Agile;BM25;Elasticsearch;Embeddings;FAISS;LoRA;OpenCV;Prompt Engineering;Qdrant;RAG;Reinforcement Learning;Sentence Transformers;Speech Recognition;Statistical Modeling;Time Series;Weaviate;dbt;pgvector,low,
57,CAND_0070398,6.246937,applied_ml,0.212,0.183485,retrieval_search:84.8,85,72,applied_ml,fine_atom_00,Machine Learning Engineer,Genpact AI,evaluated_ranking_system;shipper_with_evaluation_depth,BM25;Data Science;Embeddings;FAISS;Fine-tuning LLMs;Image Classification;Information Retrieval;Learning to Rank;LoRA;Object Detection;PyTorch;Python;RAG;Recommendation Systems;Reinforcement Learning;pgvector,none,
58,CAND_0081053,6.244633,applied_ml,0.1332,0.144058,llm_finetuning:88.8,77,79,applied_ml,fine_atom_00,NLP Engineer,Glance,evaluated_ranking_system;shipper_with_evaluation_depth,Diffusion Models;Haystack;Image Classification;Learning to Rank;LoRA;Machine Learning;Object Detection;OpenCV;OpenSearch;QLoRA;Qdrant;Semantic Search;Speech Recognition;Weaviate;Webpack;pgvector;scikit-learn,none,
59,CAND_0009691,6.228416,applied_ml,0.25755,0.002774,llm_finetuning:81.8;ml_depth:65.1;ranking_recommendation_matching:69.9,52,42,applied_ml,fine_atom_00,Applied ML Engineer,LinkedIn,evaluated_ranking_system;shipper_with_evaluation_depth,ASR;BentoML;FAISS;Fine-tuning LLMs;GANs;Kubeflow;LangChain;LoRA;MLflow;Pinecone;Prompt Engineering;QLoRA;Qdrant;Recommendation Systems;Reinforcement Learning;Sentence Transformers;Spring Boot;Terraform;scikit-learn,none,
60,CAND_0069905,6.22706,applied_ml,0.0678,-0.004545,llm_finetuning:71.3,51,70,applied_ml,fine_atom_00,Applied ML Engineer,Sarvam AI,production_embeddings_retrieval;production_vector_or_hybrid_search;shipper_with_evaluation_depth,Computer Vision;Flask;Forecasting;Hugging Face Transformers;Image Classification;LangChain;Learning to Rank;LoRA;MLOps;Object Detection;Python;Recommendation Systems;Redux;Sentence Transformers;Speech Recognition;TensorFlow;Weaviate,none,
61,CAND_0081686,6.226747,applied_ml,0.34705,0.08282,embeddings:61.8;ml_depth:73.2;vector_hybrid_infrastructure:85.9,67,39,applied_ml,fine_atom_00,Search Engineer,Netflix,evaluated_ranking_system;shipper_with_evaluation_depth,BigQuery;CNN;Embeddings;FAISS;Feature Engineering;Forecasting;Hugging Face Transformers;Java;Kubeflow;LLMs;LangChain;Machine Learning;Milvus;OpenCV;Python;QLoRA;Semantic Search;Weights & Biases,none,
62,CAND_0039383,6.223236,applied_ml,0.25975,-0.097626,ml_depth:85.8;ranking_recommendation_matching:64.9;vector_hybrid_infrastructure:62.8,36,31,applied_ml,fine_atom_00,Applied ML Engineer,Meesho,evaluated_ranking_system;shipper_with_evaluation_depth,ASR;CNN;Elasticsearch;FAISS;Feature Engineering;GANs;Hugging Face Transformers;Kubeflow;LoRA;MLflow;NLP;Prompt Engineering;QLoRA;Recommendation Systems;Vector Search;pgvector,none,
63,CAND_0010257,6.21286,applied_ml,0.240017,0.080405,python_engineering:51.8;vector_hybrid_infrastructure:90.5,72,60,applied_ml,fine_atom_00,Senior Data Scientist,Google,evaluated_ranking_system;shipper_with_evaluation_depth,ASR;Feature Engineering;Forecasting;Image Classification;JavaScript;MLflow;Machine Learning;Milvus;OpenSearch;Python;Qdrant;Recommendation Systems;Rust;TensorFlow;pgvector,none,
64,CAND_0086151,6.208825,applied_ml,0.285825,0.118076,ranking_recommendation_matching:83.7;vector_hybrid_infrastructure:69.5,81,58,applied_ml,fine_atom_00,Recommendation Systems Engineer,Wysa,evaluated_ranking_system;shipper_with_evaluation_depth,BM25;BentoML;Computer Vision;Data Science;Elasticsearch;Embeddings;Feature Engineering;Figma;LangChain;LoRA;OpenSearch;PEFT;Qdrant;Recommendation Systems;Sentence Transformers;Snowflake;Statistical Modeling;Time Series;dbt,none,
65,CAND_0057701,6.191188,applied_ml,0.31855,0.069899,ml_depth:69.6;python_engineering:65;vector_hybrid_infrastructure:82.9,76,51,applied_ml,fine_atom_00,Recommendation Systems Engineer,Verloop.io,evaluated_ranking_system;shipper_with_evaluation_depth,Deep Learning;Feature Engineering;Hugging Face Transformers;Learning to Rank;Machine Learning;Milvus;OpenSearch;PEFT;Prompt Engineering;Python;Qdrant;Snowflake;TTS;TensorFlow;Time Series;TypeScript;Vue.js,low,
66,CAND_0055992,6.189598,applied_ml,0.236417,-0.046463,retrieval_search:87.1;vector_hybrid_infrastructure:51.2,55,46,applied_ml,fine_atom_00,AI Engineer,CRED,evaluated_ranking_system;production_embeddings_retrieval;production_vector_or_hybrid_search;shipper_with_evaluation_depth,Accounting;Data Science;Deep Learning;Embeddings;FAISS;Feature Engineering;Fine-tuning LLMs;Information Retrieval;LangChain;MLflow;Milvus;OpenSearch;Prompt Engineering;RAG;SQL;Vue.js,low,
67,CAND_0020877,6.185343,applied_ml,0.24815,-0.053462,llm_finetuning:63;ml_depth:82.1;vector_hybrid_infrastructure:67.2,54,44,applied_ml,fine_atom_00,Applied ML Engineer,CRED,production_embeddings_retrieval;production_vector_or_hybrid_search;shipper_with_evaluation_depth,Deep Learning;Elasticsearch;Forecasting;Illustrator;Information Retrieval;Java;Kubeflow;LlamaIndex;Milvus;OpenSearch;PEFT;PyTorch;QLoRA;Qdrant;Statistical Modeling;Weaviate;YOLO;scikit-learn,low,
68,CAND_0066999,6.184901,applied_ml,0.22575,0.261325,vector_hybrid_infrastructure:90.3,,94,applied_ml,fine_atom_00,Recommendation Systems Engineer,Microsoft,evaluated_ranking_system,ASR;BM25;CNN;Embeddings;Excel;FAISS;Image Classification;Information Retrieval;JavaScript;LLMs;Machine Learning;Node.js;OpenSearch;Pinecone;Statistical Modeling,none,
69,CAND_0079284,6.183837,applied_ml,0.2747,0.019424,llm_finetuning:64.1;python_engineering:84.2;ranking_recommendation_matching:68.9,65,55,applied_ml,fine_atom_00,Machine Learning Engineer,Google,evaluated_ranking_system;shipper_with_evaluation_depth,ASR;Elasticsearch;Feature Engineering;Fine-tuning LLMs;Illustrator;LlamaIndex;Machine Learning;NLP;Project Management;QLoRA;Qdrant;Recommendation Systems;Terraform;Weights & Biases;scikit-learn,low,
70,CAND_0099401,6.173552,applied_ml,0.0,0.0,,64,89,applied_ml,fine_atom_00,NLP Engineer,Dream11,evaluated_ranking_system;shipper_with_evaluation_depth,ASR;BM25;Deep Learning;Embeddings;GANs;Haystack;Information Retrieval;LlamaIndex;Photoshop;Python;Qdrant;Reinforcement Learning;Semantic Search;scikit-learn,none,
71,CAND_0057563,6.172719,applied_ml,0.1209,0.074427,ml_depth:80.6,83,82,applied_ml,fine_atom_00,NLP Engineer,Locobuzz,evaluated_ranking_system;shipper_with_evaluation_depth,Deep Learning;Elasticsearch;Feature Engineering;Forecasting;Hugging Face Transformers;Machine Learning;OpenSearch;Prompt Engineering;QLoRA;RAG;Rust;SQL;Speech Recognition;Time Series,none,
72,CAND_0013536,6.169463,applied_ml,0.0,0.0,,66,91,applied_ml,fine_atom_00,Applied ML Engineer,Haptik,evaluated_ranking_system;shipper_with_evaluation_depth,Computer Vision;Content Writing;Elasticsearch;Embeddings;FAISS;Hadoop;Image Classification;LLMs;LlamaIndex;MLOps;Milvus;NLP;Pinecone;Prompt Engineering;PyTorch;QLoRA;Vector Search;Weights & Biases,low,
73,CAND_0091909,6.160408,applied_ml,0.0,0.0,,69,93,applied_ml,fine_atom_00,Machine Learning Engineer,Rephrase.ai,evaluated_ranking_system;shipper_with_evaluation_depth,BentoML;Diffusion Models;Hugging Face Transformers;Image Classification;LLMs;LangChain;Learning to Rank;MLflow;OpenSearch;Pinecone;QLoRA;Qdrant;Sentence Transformers;scikit-learn,none,
74,CAND_0009837,6.158348,applied_ml,0.1428,0.096738,python_engineering:81.6,91,84,applied_ml,fine_atom_00,Senior Data Scientist,Rephrase.ai,evaluated_ranking_system;shipper_with_evaluation_depth,Computer Vision;FAISS;Haystack;Image Classification;LLMs;LangChain;Learning to Rank;PyTorch;Python;QLoRA;Qdrant;REST APIs;Six Sigma;Speech Recognition;TensorFlow;scikit-learn,low,
75,CAND_0081852,6.15739,applied_ml,0.0,0.0,,70,95,applied_ml,fine_atom_00,Senior Data Scientist,Mad Street Den,production_embeddings_retrieval;production_vector_or_hybrid_search;shipper_with_evaluation_depth,BentoML;CNN;Computer Vision;Haystack;LoRA;MLOps;Milvus;Salesforce CRM;Semantic Search;Speech Recognition;TTS;Vector Search;Weaviate;pgvector,none,
76,CAND_0083307,6.154662,applied_ml,0.0,0.0,,71,96,applied_ml,fine_atom_00,Search Engineer,CRED,evaluated_ranking_system;production_embeddings_retrieval;production_vector_or_hybrid_search;shipper_with_evaluation_depth,Data Science;Deep Learning;Embeddings;GCP;Image Classification;Learning to Rank;MLflow;OpenCV;PEFT;Pinecone;Python;QLoRA;Semantic Search;Vector Search;Weaviate;Weights & Biases;pgvector;scikit-learn,none,
77,CAND_0054394,6.148725,applied_ml,0.0,0.0,,73,97,applied_ml,fine_atom_00,Recommendation Systems Engineer,PharmEasy,evaluated_ranking_system,ASR;Data Science;Embeddings;Fine-tuning LLMs;Forecasting;Haystack;Hugging Face Transformers;Java;MLflow;Machine Learning;Next.js;Node.js;Pinecone;Prompt Engineering;Time Series;scikit-learn,low,
78,CAND_0000031,6.148116,applied_ml,0.092,-0.048618,vector_hybrid_infrastructure:68.4,60,77,applied_ml,fine_atom_00,Recommendation Systems Engineer,Swiggy,evaluated_ranking_system;shipper_with_evaluation_depth,Angular;BentoML;Embeddings;FAISS;Feature Engineering;Go;Hugging Face Transformers;Image Classification;Information Retrieval;MLOps;MLflow;Machine Learning;Marketing;Pinecone;Sentence Transformers;Speech Recognition;scikit-learn,none,
79,CAND_0092245,6.145526,applied_ml,0.0819,-0.046303,embeddings:68.2,62,78,applied_ml,fine_atom_00,Senior Data Scientist,Ola,evaluated_ranking_system;shipper_with_evaluation_depth,Airflow;Content Writing;Data Science;Elasticsearch;Embeddings;FAISS;Fine-tuning LLMs;Forecasting;GANs;Hugging Face Transformers;Kafka;LlamaIndex;NLP;Qdrant;RAG;Statistical Modeling;Vector Search,low,
80,CAND_0012957,6.141088,applied_ml,0.1671,-0.15,llm_finetuning:57.7;ml_depth:77.5;retrieval_search:57.8,48,52,applied_ml,fine_atom_00,Search Engineer,Razorpay,evaluated_ranking_system;shipper_with_evaluation_depth,ASR;BM25;BentoML;Deep Learning;Embeddings;Fine-tuning LLMs;LangChain;Machine Learning;OpenCV;PEFT;Python;Qdrant;RAG;Redis;Statistical Modeling,low,
81,CAND_0045250,6.134136,applied_ml,0.380167,-0.070611,embeddings:83.2;llm_finetuning:65;ml_depth:83.2;vector_hybrid_infrastructure:53.9,59,35,applied_ml,fine_atom_00,Applied ML Engineer,Rephrase.ai,evaluated_ranking_system;shipper_with_evaluation_depth,ASR;BM25;Embeddings;Image Classification;LLMs;LangChain;LoRA;MLflow;Milvus;NLP;PEFT;Qdrant;Sentence Transformers;TTS;TensorFlow;Time Series;Vector Search,none,
82,CAND_0018549,6.131437,applied_ml,0.225,0.257079,vector_hybrid_infrastructure:90,,,applied_ml,fine_atom_00,Recommendation Systems Engineer,Uber,evaluated_ranking_system;shipper_with_evaluation_depth,BigQuery;Computer Vision;Elasticsearch;Fine-tuning LLMs;Kubernetes;LangChain;Milvus;OpenSearch;Prompt Engineering;Qdrant;Speech Recognition;Time Series;Weaviate;scikit-learn,none,
83,CAND_0058575,6.127486,applied_ml,0.0,0.0,,80,,applied_ml,fine_atom_00,AI Engineer,Krutrim,production_embeddings_retrieval;production_vector_or_hybrid_search;shipper_with_evaluation_depth,Hugging Face Transformers;LlamaIndex;MLOps;Machine Learning;Pinecone;PyTorch;Recommendation Systems;Reinforcement Learning;Sentence Transformers;Statistical Modeling;Time Series;YOLO,low,
84,CAND_0036437,6.127275,applied_ml,0.203,0.132536,vector_hybrid_infrastructure:81.2,,88,applied_ml,fine_atom_00,Search Engineer,Rephrase.ai,evaluated_ranking_system,Accounting;Elasticsearch;FAISS;Feature Engineering;GANs;Go;Kubeflow;Milvus;OpenSearch;Sentence Transformers;Vector Search;Weaviate,low,
85,CAND_0030031,6.12724,applied_ml,0.07955,-0.15,ml_depth:63.5;python_engineering:53.9;retrieval_search:53.7,49,67,applied_ml,fine_atom_00,AI Engineer,Microsoft,evaluated_ranking_system;shipper_with_evaluation_depth,BM25;Information Retrieval;LoRA;Milvus;NLP;Object Detection;OpenCV;PyTorch;Python;QLoRA;RAG;Sentence Transformers;Time Series;Vector Search;YOLO;scikit-learn,low,
86,CAND_0024466,6.124449,applied_ml,0.282,0.080855,ranking_recommendation_matching:75;retrieval_search:74.7,99,71,applied_ml,fine_atom_00,Search Engineer,PharmEasy,evaluated_ranking_system;shipper_with_evaluation_depth,BM25;CI/CD;Computer Vision;Fine-tuning LLMs;Forecasting;Image Classification;LLMs;LoRA;MLOps;NLP;PEFT;Pinecone;PyTorch;Recommendation Systems;Reinforcement Learning;Sentence Transformers;Weights & Biases;pgvector,low,
87,CAND_0076831,6.121448,applied_ml,0.31475,0.211292,retrieval_search:91.3;vector_hybrid_infrastructure:67.3,,83,applied_ml,fine_atom_00,Search Engineer,Krutrim,evaluated_ranking_system;shipper_with_evaluation_depth,BM25;Fine-tuning LLMs;Forecasting;Kafka;LLMs;LlamaIndex;MLOps;Milvus;NLP;Project Management;PyTorch;Reinforcement Learning;SEO;TTS;Weaviate;YOLO,low,
88,CAND_0049896,6.121117,applied_ml,0.0,0.0,,82,,applied_ml,fine_atom_00,Search Engineer,Unacademy,evaluated_ranking_system;production_embeddings_retrieval;production_vector_or_hybrid_search;shipper_with_evaluation_depth,Computer Vision;Data Science;ETL;Fine-tuning LLMs;GANs;Hugging Face Transformers;Information Retrieval;Kubeflow;LangChain;LlamaIndex;NLP;PostgreSQL;PyTorch;Sentence Transformers;Vector Search;YOLO,none,
89,CAND_0010770,6.118433,applied_ml,0.0,0.0,,84,,applied_ml,fine_atom_00,Recommendation Systems Engineer,Aganitha,evaluated_ranking_system;shipper_with_evaluation_depth,BM25;Computer Vision;Deep Learning;Diffusion Models;Haystack;Java;LLMs;Learning to Rank;LlamaIndex;MLOps;Qdrant;REST APIs;Statistical Modeling;TTS;TensorFlow;Vue.js;YOLO;pgvector,low,
90,CAND_0058688,6.106326,applied_ml,0.05845,-0.050874,python_engineering:66.7,74,86,applied_ml,fine_atom_00,AI Engineer,Vedantu,evaluated_ranking_system;shipper_with_evaluation_depth,CNN;Computer Vision;Diffusion Models;Embeddings;Image Classification;Information Retrieval;LlamaIndex;Machine Learning;Milvus;Object Detection;OpenCV;PostgreSQL;QLoRA;Semantic Search;Snowflake;TensorFlow;scikit-learn,none,
91,CAND_0042506,6.102634,applied_ml,0.2349,-0.081534,llm_finetuning:68.9;python_engineering:73.6;retrieval_search:66.6,68,57,applied_ml,fine_atom_00,Search Engineer,Verloop.io,evaluated_ranking_system;production_embeddings_retrieval;production_vector_or_hybrid_search;shipper_with_evaluation_depth,Airflow;BentoML;Deep Learning;Diffusion Models;FAISS;Fine-tuning LLMs;Forecasting;Information Retrieval;Milvus;NLP;Object Detection;OpenCV;PEFT;Qdrant;Semantic Search;TTS;TensorFlow;pgvector;scikit-learn,low,
92,CAND_0039521,6.101842,applied_ml,0.0,0.0,,87,,applied_ml,fine_atom_00,Search Engineer,Salesforce,evaluated_ranking_system;production_embeddings_retrieval;production_vector_or_hybrid_search;shipper_with_evaluation_depth,ASR;Accounting;BM25;BentoML;Embeddings;Forecasting;Haystack;Hugging Face Transformers;Machine Learning;Marketing;Object Detection;PEFT;PyTorch;Qdrant;RAG;Semantic Search;Sentence Transformers;Time Series;Weaviate,low,
93,CAND_0066376,6.10141,applied_ml,0.2046,0.038313,llm_finetuning:81.8;ranking_recommendation_matching:68.2,97,80,applied_ml,fine_atom_00,Applied ML Engineer,Dream11,evaluated_ranking_system;shipper_with_evaluation_depth,BM25;CNN;Deep Learning;FAISS;Fine-tuning LLMs;Information Retrieval;LLMs;Learning to Rank;LlamaIndex;LoRA;NLP;Object Detection;PowerPoint;Recommendation Systems;Reinforcement Learning;Semantic Search;Time Series,low,
94,CAND_0050876,6.097282,applied_ml,0.22015,-0.005044,ml_depth:55.8;vector_hybrid_infrastructure:81.1,88,73,applied_ml,fine_atom_00,Applied ML Engineer,Freshworks,evaluated_ranking_system;shipper_with_evaluation_depth,FAISS;Forecasting;Image Classification;Kubeflow;LlamaIndex;MLOps;Machine Learning;OpenSearch;Prompt Engineering;PyTorch;Python;QLoRA;Qdrant;SQL;Sentence Transformers;Weights & Biases;YOLO;scikit-learn,none,
95,CAND_0078002,6.081373,applied_ml,0.0,0.0,,94,,applied_ml,fine_atom_00,Machine Learning Engineer,Meta,evaluated_ranking_system;shipper_with_evaluation_depth,BentoML;Deep Learning;FastAPI;Flask;Haystack;Hugging Face Transformers;LangChain;LlamaIndex;NLP;QLoRA;Statistical Modeling;TensorFlow;Time Series;Weaviate;pgvector;scikit-learn,none,
96,CAND_0089552,6.073522,applied_ml,0.263,0.015986,retrieval_search:67;vector_hybrid_infrastructure:77.8,100,75,applied_ml,fine_atom_00,Machine Learning Engineer,Netflix,evaluated_ranking_system;production_embeddings_retrieval;production_vector_or_hybrid_search;shipper_with_evaluation_depth,BM25;Feature Engineering;Fine-tuning LLMs;Forecasting;GANs;Hugging Face Transformers;Image Classification;Machine Learning;Milvus;Next.js;Qdrant;SAP;Semantic Search;Sentence Transformers;TTS;TensorFlow;Time Series;Vector Search;Weaviate,none,
97,CAND_0026532,6.071912,applied_ml,0.0133,-0.15,llm_finetuning:53.3,61,85,applied_ml,fine_atom_00,Recommendation Systems Engineer,Zomato,evaluated_ranking_system;shipper_with_evaluation_depth,BentoML;Embeddings;Excel;FAISS;Feature Engineering;Information Retrieval;LoRA;Milvus;PEFT;Pinecone;Prompt Engineering;Semantic Search;TTS;Time Series;TypeScript;pgvector,none,
98,CAND_0022812,6.067583,applied_ml,0.0,0.0,,98,,applied_ml,fine_atom_00,Applied ML Engineer,Dream11,evaluated_ranking_system;shipper_with_evaluation_depth,Feature Engineering;Forecasting;GANs;Hadoop;JavaScript;LLMs;LangChain;LoRA;MLOps;NLP;Pinecone;Prompt Engineering;Qdrant;Reinforcement Learning;Sentence Transformers;Spark;TensorFlow;Weaviate;pgvector,low,
99,CAND_0070202,6.067017,applied_ml,0.337675,-0.15,embeddings:54;llm_finetuning:76.8;ranking_recommendation_matching:81.5;vector_hybrid_infrastructure:56.5,63,38,applied_ml,fine_atom_00,Machine Learning Engineer,BYJU'S,evaluated_ranking_system;shipper_with_evaluation_depth,BM25;Embeddings;Fine-tuning LLMs;GANs;Learning to Rank;LoRA;Microservices;NLP;Object Detection;OpenCV;PyTorch;Qdrant;RAG;Semantic Search;Weights & Biases,none,
100,CAND_0074735,6.064324,applied_ml,0.089,-0.057109,retrieval_search:67.8,86,90,applied_ml,fine_atom_00,Applied ML Engineer,Rephrase.ai,production_embeddings_retrieval;production_vector_or_hybrid_search;shipper_with_evaluation_depth,ASR;BentoML;Elasticsearch;GANs;Hadoop;Information Retrieval;Kubeflow;Learning to Rank;LlamaIndex;Machine Learning;Object Detection;Project Management;Prompt Engineering;RAG;Semantic Search;TensorFlow;TypeScript;Vector Search;Weaviate;YOLO,none,
